code,url,product_name,quantity,packaging_tags,categories_tags,origins,manufacturing_places_tags,labels_tags,countries_tags,ingredients_tags,allergens,traces,additives_tags,image_url
0000003301098,http://world-en.openfoodfacts.org/product/0000003301098/mini-cuchaule-au-beurre-coop-suisse,Mini cuchaule au beurre,100 g,,,,,,en:switzerland,,,,,https://images.openfoodfacts.org/images/products/000/000/330/1098/front_fr.3.400.jpg
0000013000004,http://world-en.openfoodfacts.org/product/0000013000004/kochspeck-bannholz,Kochspeck,686 g,,,,,,en:switzerland,,,,,https://images.openfoodfacts.org/images/products/000/001/300/0004/front_de.3.400.jpg
0000069004681,http://world-en.openfoodfacts.org/product/0000069004681/seelachsfilet-kohler-bofrost,Seelachsfilet (Köhler),950 g,de:angebrochene-packung,,,,,"en:france,en:switzerland","fr:nom-scientifique,en:peach,en:fruit,fr:categorie-d-engin-de-peche,en:saithe,en:fish,en:white-fish,fr:chaluts",,,,https://images.openfoodfacts.org/images/products/000/006/900/4681/front_fr.4.400.jpg
00001001,http://world-en.openfoodfacts.org/product/00001001/pepites-de-cuchaule,Pepites de cuchaule,,,,,,,en:switzerland,,,,,https://images.openfoodfacts.org/images/products/00001001/front_fr.7.400.jpg
000031980,http://world-en.openfoodfacts.org/product/000031980/superfruit-muesli,Superfruit Muesli,,,,,,,en:switzerland,,,,,https://images.openfoodfacts.org/images/products/000/031/980//front_fr.3.400.jpg
00004480,http://world-en.openfoodfacts.org/product/00004480/smelties-bonfood,smelties,50g,fr:paquet-chips,en:baby-foods,,,"en:gluten-free,en:made-in-swiss,en:no-added-sugar",en:switzerland,"en:cornmeal,en:cereal,en:corn,en:sunflower-oil,en:oil-and-fat,en:vegetable-oil-and-fat,en:vegetable-oil",,en:none,,https://images.openfoodfacts.org/images/products/00004480/front_fr.4.400.jpg
000098175,http://world-en.openfoodfacts.org/product/000098175/protein-pancake-mix-maple,Protein Pancake Mix Maple,500 g,,,,,,en:switzerland,,,,,https://images.openfoodfacts.org/images/products/000/098/175//front_fr.3.400.jpg
00010191,http://world-en.openfoodfacts.org/product/00010191,,,,,,,,en:switzerland,,,,,https://images.openfoodfacts.org/images/products/00010191/front_fr.5.400.jpg
00010429,http://world-en.openfoodfacts.org/product/00010429/beurre-de-fromagerie,Beurre de fromagerie,,,,,,,en:switzerland,,,,,https://images.openfoodfacts.org/images/products/00010429/front_fr.3.400.jpg
000129265,http://world-en.openfoodfacts.org/product/000129265/elevate-pre-workout,Elevate Pre Workout,,,,,,,en:switzerland,,,,,https://images.openfoodfacts.org/images/products/000/129/265//front_fr.3.400.jpg
000143643,http://world-en.openfoodfacts.org/product/000143643/micellar-casein-chocolat,Micellar casein chocolat,,,,,,,en:switzerland,,,,,https://images.openfoodfacts.org/images/products/000/143/643//front_fr.3.400.jpg
000151990,http://world-en.openfoodfacts.org/product/000151990/pure-whey-isolate,Pure Whey Isolate,,,,,,,en:switzerland,,,,,https://images.openfoodfacts.org/images/products/000/151/990//front_fr.3.400.jpg
000161994,http://world-en.openfoodfacts.org/product/000161994/chocolate-protein-bites,Chocolate protein bites,,,,,,,en:switzerland,,,,,https://images.openfoodfacts.org/images/products/000/161/994//front_fr.3.400.jpg
00020603803020006071,http://world-en.openfoodfacts.org/product/00020603803020006071/salmon-bonarea,Salmon,,,"en:seafood,en:fishes,en:fish-fillets,en:salmons,en:salmon-fillets",,,,"en:spain,en:switzerland",,,,,https://images.openfoodfacts.org/images/products/000/206/038/03020006071/front_es.3.400.jpg
0002511151509,http://world-en.openfoodfacts.org/product/0002511151509/100-ethiopan-arabic-coffee,100% Ethiopan arabic coffee,,,,,,,en:switzerland,,,,,https://images.openfoodfacts.org/images/products/000/251/115/1509/front_fr.3.400.jpg
00025393,http://world-en.openfoodfacts.org/product/00025393/salade-de-lentilles-migros,Salade de lentilles,200 g,,"en:meals,en:salads,en:prepared-salads,en:lentil-salads",,,"en:organic,en:eu-organic,en:ch-bio-006",en:switzerland,,,,,https://images.openfoodfacts.org/images/products/00025393/front_fr.3.400.jpg
00026032,http://world-en.openfoodfacts.org/product/00026032/sirop-de-riz-coop-naturaplan,Sirop de riz,350 g,"en:plastic,en:bottle","en:plant-based-foods-and-beverages,en:plant-based-foods,en:cereals-and-potatoes,en:cereals-and-their-products,en:sweeteners,en:syrups,en:simple-syrups,en:cereal-syrups,en:rice-syrups",Italie,italie,"en:made-in-italy,fr:www-v-label-eu",en:switzerland,"en:rice,en:water,fr:nahrwerte-ø",,,,https://images.openfoodfacts.org/images/products/00026032/front_fr.7.400.jpg
0003469156615,http://world-en.openfoodfacts.org/product/0003469156615/patate-dippy,PATATE DIPPY,,,,,,,en:switzerland,,,,,https://images.openfoodfacts.org/images/products/000/346/915/6615/front_fr.3.400.jpg
0005344829003,http://world-en.openfoodfacts.org/product/0005344829003/sanwinchs-de-poulet,Sanwinchs de poulet,,,,,,,en:switzerland,,,,,https://images.openfoodfacts.org/images/products/000/534/482/9003/front_fr.3.400.jpg
0007020003202,http://world-en.openfoodfacts.org/product/0007020003202/pate-vaudois,Pâté vaudois,,,,,,,en:switzerland,,,,,https://images.openfoodfacts.org/images/products/000/702/000/3202/front_fr.3.400.jpg
0007200000021,http://world-en.openfoodfacts.org/product/0007200000021/sauce-bolognaise,Sauce bolognaise,420 g,en:pot,"en:groceries,en:meat-based-products,en:sauces,en:meat-based-sauces,en:pasta-sauces,en:meat-based-pasta-sauces,en:bolognese-sauces",,,,en:switzerland,,,,,https://images.openfoodfacts.org/images/products/000/720/000/0021/front_en.3.400.jpg
00084370007960090900,http://world-en.openfoodfacts.org/product/00084370007960090900/jamon,Jamón,,,,,,,en:switzerland,,,,,https://images.openfoodfacts.org/images/products/000/843/700/07960090900/front_fr.3.400.jpg
00085793,http://world-en.openfoodfacts.org/product/00085793/pane-maggiore-walter-buchmann,Pane Maggiore,350 g,en:paper,"en:plant-based-foods-and-beverages,en:plant-based-foods,en:cereals-and-potatoes,en:breads,en:white-breads,en:wheat-breads",Switzerland,zurich,,en:switzerland,"en:weizenmehl,en:wasser,en:roggenmehl,en:weizenkleber,en:salz,en:hefe,en:malzmehl,en:weizenstarke,en:acerola,en:fruit,en:halbweiss,en:ruch,en:und-vollkornmehl,en:weizen,en:gerste,en:auf-maitodextrin",,"en:eggs,en:milk,en:sesame-seeds,en:soybeans",,https://images.openfoodfacts.org/images/products/00085793/front_en.4.400.jpg
0009542031695,http://world-en.openfoodfacts.org/product/0009542031695/excellence-cocoa-dark-chocolate-bar-lindt,Excellence cocoa dark chocolate bar,3.5 oz,,"en:snacks,en:sweet-snacks,en:cocoa-and-its-products,en:confectioneries,en:chocolate-candies,en:chocolates,en:dark-chocolates",,,,"en:france,en:switzerland,en:united-states","en:chocolate,en:cocoa-butter,en:cocoa,en:sugar,en:added-sugar,en:disaccharide,en:fat-reduced-cocoa-powder,en:cocoa-powder,en:milkfat,en:dairy,en:oil-and-fat,en:fat",,,,https://images.openfoodfacts.org/images/products/000/954/203/1695/front_en.22.400.jpg
0009800892204,http://world-en.openfoodfacts.org/product/0009800892204/ferrero-nutella-hazelnut-spread-with-cocoa,"Ferrero, nutella, hazelnut spread with cocoa",1 kg,en:pot,"en:plant-based-foods-and-beverages,en:plant-based-foods,en:fats,en:spreads,en:breakfasts,en:vegetable-fats,en:sweet-spreads,fr:pates-a-tartiner,en:hazelnut-spreads,en:chocolate-spreads,en:cocoa-and-hazelnuts-spreads",,canada,en:fabrique-au-canada,"en:canada,en:switzerland,en:united-states","en:sugar,en:added-sugar,en:disaccharide,en:palm-oil,en:oil-and-fat,en:vegetable-oil-and-fat,en:palm-oil-and-fat,en:hazelnut,en:nut,en:tree-nut,en:cocoa,en:skimmed-milk,en:dairy,en:milk,en:whey,en:lecithin-as-emulsifier,en:vanillin,en:soya,en:artificial-flavouring,en:flavouring","en:milk,en:nuts,en:soybeans",,,https://images.openfoodfacts.org/images/products/000/980/089/2204/front_en.21.400.jpg
0010000002218,http://world-en.openfoodfacts.org/product/0010000002218/ikea-lachs,Ikea Lachs,,,"en:seafood,en:fishes,en:salmons",,,,en:switzerland,,,,,https://images.openfoodfacts.org/images/products/001/000/000/2218/front_fr.3.400.jpg
0010096100379,http://world-en.openfoodfacts.org/product/0010096100379/griseta-olio-extra-vergine-di-oliva,Griseta Olio extra vergine di oliva,,,,,,,en:switzerland,,,,,https://images.openfoodfacts.org/images/products/001/009/610/0379/front_fr.3.400.jpg
00102722,http://world-en.openfoodfacts.org/product/00102722/caviale-lombardo-dener,caviale lombardo,20 g,fr:italie,,,,,en:switzerland,"fr:0eufs-d-esturgeon,en:iodised-salt,en:salt,en:preservative,fr:on-traditionnelle-effectuee-avec-grand-soin-par-notre-specialiste-du-caviar,fr:acipenser-baerii-x-acipenser-nacarii,fr:d-elevage-en-italie,en:e285,fr:le-caviar-primess-doit-son-gout-authentique-a-sa-teneur-en-sel-incroyablement-faible-et-a-la-preparati",,,en:e285,https://images.openfoodfacts.org/images/products/00102722/front_fr.5.400.jpg
0010700534538,http://world-en.openfoodfacts.org/product/0010700534538/jolly-rancher-watermellon-flavour,Jolly Rancher Watermellon Flavour,,,,,,,en:switzerland,,,,,https://images.openfoodfacts.org/images/products/001/070/053/4538/front_fr.3.400.jpg
0011110047236,http://world-en.openfoodfacts.org/product/0011110047236/simple-truth-plant-based-cauliflower-dip,Simple Truth plant-based Cauliflower dip,,,"en:groceries,en:sauces,en:dips",,,"en:vegetarian,en:vegan","en:switzerland,en:united-states",,,,,https://images.openfoodfacts.org/images/products/001/111/004/7236/front_en.4.400.jpg
0011115001189,http://world-en.openfoodfacts.org/product/0011115001189/margarine-becel,Margarine,,,,,,"en:natural-colorings,en:natural-flavors","en:canada,en:switzerland","en:huiles-de-canola-et-de-tournesol,en:eau,en:huile-d-olive,en:huiles-de-palme-et-de-palmiste-modifies,en:sel,en:babeurre-en-poudre-1-lait,en:aromes-naturels,en:acide-lactique,en:palmitate-de-vitamine-avitamine-al,en:vitamine-d3,en:colorant-naturel,en:lecithine-de-soja,en:edta-de-calcium-disodique-keep-refrigerated-and-use-clean-utensils-garder-au-refrigerateur-et-utiliser-des-to-ustensiles-propres-1115-00118",,,,https://images.openfoodfacts.org/images/products/001/111/500/1189/front_en.17.400.jpg
0011152251936,http://world-en.openfoodfacts.org/product/0011152251936/premium-sweet-rice,Premium Sweet Rice,32 oz,,,,,,en:switzerland,,,,,https://images.openfoodfacts.org/images/products/001/115/225/1936/front_fr.3.400.jpg
0011210000018,http://world-en.openfoodfacts.org/product/0011210000018/tabasco-classico,Tabasco Classico,59 mL,"en:glass,en:bottle","en:groceries,en:sauces,en:pimented-sauces",,,en:no-gluten,"en:france,en:switzerland,en:united-states","en:distilled-vinegar,en:vinegar,en:red-bell-pepper,en:vegetable,en:bell-pepper,en:salt",,,,https://images.openfoodfacts.org/images/products/001/121/000/0018/front_en.34.400.jpg
0011210006508,http://world-en.openfoodfacts.org/product/0011210006508/tabasco-habanero-sauce,Tabasco Habanero Sauce,60 ml,"en:bottle,en:flasque,en:produkt","en:groceries,en:sauces,en:hot-sauces,en:pimented-sauces",,,en:no-gluten,"en:australia,en:belgium,en:france,en:germany,en:luxembourg,en:switzerland","en:distilled-vinegar,en:vinegar,en:habanero-chili,en:vegetable,en:chili-pepper,en:cane-sugar,en:added-sugar,en:disaccharide,en:sugar,en:tabasco-brand-pepper-sauce,en:salt,en:mango-puree,en:fruit,en:puree,en:mango,en:dehydrated-onion,en:root-vegetable,en:onion,en:banana,en:tomato-concentrate,en:tomato,en:tamarind,en:papaya,en:spice,en:condiment,en:garlic,en:tabasco-pepper-mash,en:red-bell-pepper,en:bell-pepper,en:aged-red-pepper",,,,https://images.openfoodfacts.org/images/products/001/121/000/6508/front_en.44.400.jpg
0011210009578,http://world-en.openfoodfacts.org/product/0011210009578/tabasco-mild,Tabasco Mild,60 ml,"fr:bouteille-verre,fr:boite-carton","en:groceries,en:sauces,en:pimented-sauces",,united-states,en:halal,en:switzerland,"en:alcohol-vinegar,en:vinegar,en:jalapeno,en:vegetable,en:chili-pepper,en:water,en:salt,en:corn-starch,en:starch,fr:epaississant-xanthan,en:antioxidant,en:e300",,,en:e300,https://images.openfoodfacts.org/images/products/001/121/000/9578/front_fr.36.400.jpg
0011210115224,http://world-en.openfoodfacts.org/product/0011210115224/tabasco-pepper-sauce,Tabasco Pepper Sauce,60 ml,,"en:groceries,en:condiments,en:sauces,en:pimented-sauces",,,,en:switzerland,"en:spirit-vinegar,en:vinegar,en:red-chili-pepper,en:vegetable,en:chili-pepper,en:salt",,,,https://images.openfoodfacts.org/images/products/001/121/011/5224/front_fr.27.400.jpg
0011210125650,http://world-en.openfoodfacts.org/product/0011210125650/tabasco,Tabasco,,,"en:groceries,en:condiments,en:sauces,en:pimented-sauces",,united-states,,en:switzerland,,,,,https://images.openfoodfacts.org/images/products/001/121/012/5650/front_fr.3.400.jpg
0011359650105,http://world-en.openfoodfacts.org/product/0011359650105/mild-taco-sauce,Mild taco sauce,,,,,,,en:switzerland,,,,,https://images.openfoodfacts.org/images/products/001/135/965/0105/front_fr.3.400.jpg
0011359650136,http://world-en.openfoodfacts.org/product/0011359650136/salsa-guacamole-frasco-210-g-cantina-mexicana,Salsa guacamole frasco 210 g,,,"en:groceries,en:sauces,en:guacamoles",,,,"en:france,en:switzerland",,,,,https://images.openfoodfacts.org/images/products/001/135/965/0136/front_fr.6.400.jpg
0011395645028,http://world-en.openfoodfacts.org/product/0011395645028/cantina-mexicana-stone-ground-chili-flavoured-corn-chips,Cantiña Mexicana - Stone Ground Chili Flavoured Corn Chips,,,,,,,en:switzerland,,,,,https://images.openfoodfacts.org/images/products/001/139/564/5028/front_fr.3.400.jpg
00118,http://world-en.openfoodfacts.org/product/00118/snep-the-mix,Snep the mix,,,,,,,en:switzerland,,,,,https://images.openfoodfacts.org/images/products/00118/front_fr.3.400.jpg
00118668,http://world-en.openfoodfacts.org/product/00118668/skyr-migros,skyr,170 g,en:pot,"en:dairies,en:desserts,en:fermented-foods,en:fermented-milk-products,en:cheeses,en:dairy-desserts,en:cream-cheeses,en:skyr",Suisse,suisse,,en:switzerland,fr:sere-maigre-au-lait-pasteurise-elabore-avec-du-lait-avec-cultures-de-skyr,,,,https://images.openfoodfacts.org/images/products/00118668/front_fr.4.400.jpg
0012000028458,http://world-en.openfoodfacts.org/product/0012000028458/doubleshot-energy-starbucks,Doubleshot energy,15. Fl oz,,"en:beverages,en:non-alcoholic-beverages,en:coffee-drinks",,,,"en:switzerland,en:united-states","en:starbucks-coffee,en:semi-skimmed-milk,en:dairy,en:milk,en:skimmed-milk,en:sugar,en:added-sugar,en:disaccharide,en:maltodextrins,en:dextrose,en:monosaccharide,en:glucose,en:taurine,en:natural-flavouring,en:flavouring,en:cellulose-gel,en:panax-ginseng-root-extract,en:plant,en:ginseng,en:inositol,en:e301,en:guarana,en:seed,en:e466,en:e375,en:e300,en:e955,en:e341iii,en:e341,en:pyridoxine-hydrochloride,en:vitamins,en:vitamin-b6,en:e101,en:retinyl-palmitate,en:vitamin-a,en:cholecalciferol,en:vitamin-d,en:water,en:coffee,en:vitamin-c",,,"en:e466,en:e955",https://images.openfoodfacts.org/images/products/001/200/002/8458/front_en.17.400.jpg
0012000105425,http://world-en.openfoodfacts.org/product/0012000105425/code-red,Code Red,,,"en:beverages,en:carbonated-drinks,en:sodas",,,,"en:switzerland,en:united-states",,,,,https://images.openfoodfacts.org/images/products/001/200/010/5425/front_en.3.400.jpg
0012061002848,http://world-en.openfoodfacts.org/product/0012061002848/bello-sauce-piquante-forte,Bello sauce piquante forte,,,,,,,en:switzerland,,,,,https://images.openfoodfacts.org/images/products/001/206/100/2848/front_fr.4.400.jpg
0012086314018,http://world-en.openfoodfacts.org/product/0012086314018/joseph-droukin-montagny,Joseph Droukin Montagny,750 ml,,,,,,en:switzerland,,,,,https://images.openfoodfacts.org/images/products/001/208/631/4018/front_fr.7.400.jpg
0012101390119,http://world-en.openfoodfacts.org/product/0012101390119/bacon-salt,Bacon Salt,2.0 oz,,,,,,en:switzerland,,,,,https://images.openfoodfacts.org/images/products/001/210/139/0119/front_fr.3.400.jpg
00125420,http://world-en.openfoodfacts.org/product/00125420/stylo-glacage-fuchsia-alice-delice,stylo glaçage fuchsia,32g,fr:stylo,fr:decoration-dessert,,,,en:switzerland,"en:sugar,en:shea-butter,en:oil-and-fat,en:vegetable-oil-and-fat,en:vegetable-fat,fr:poudre-de-lait-emulsifiants-lecithine-de,en:salt,fr:arome-de-colorant,en:e322,en:e120",,en:gluten,"en:e120,en:e322",https://images.openfoodfacts.org/images/products/00125420/front_fr.4.400.jpg
00127455,http://world-en.openfoodfacts.org/product/00127455/lipute-ruffes,Lipute ruffes,,,,,,,en:switzerland,,,,,https://images.openfoodfacts.org/images/products/00127455/front_fr.3.400.jpg
001279,http://world-en.openfoodfacts.org/product/001279/mogli-chai-schoko,Mogli chai schoko,,,,,,"en:organic,en:eu-organic,en:de-oko-013",en:switzerland,,,,,https://images.openfoodfacts.org/images/products/001279/front_fr.3.400.jpg
0013964175929,http://world-en.openfoodfacts.org/product/0013964175929/choco-watch-reverse-idea,Choco Watch,140 g,,"en:snacks,en:sweet-snacks,en:cocoa-and-its-products,en:chocolates,en:chocolate-molds,en:dark-chocolates",,,,en:switzerland,"en:sugar,en:added-sugar,en:disaccharide,en:cocoa-paste,en:cocoa,en:cocoa-butter,en:butterfat,en:dairy,en:oil-and-fat,en:fat,en:milkfat,en:whole-milk-powder,en:milk-powder,en:natural-flavouring,en:flavouring,en:emulsifier,en:vanilla,en:plant,en:soya-lecithin,en:e322,en:e322i",,en:nuts,"en:e322,en:e322i",https://images.openfoodfacts.org/images/products/001/396/417/5929/front_en.10.400.jpg
0014100096986,http://world-en.openfoodfacts.org/product/0014100096986/chocolate-chunk-dark-double-chocolate-crispy-cookies-pepperidge-farm,Chocolate Chunk Dark Double Chocolate Crispy Cookies,220 g,en:paper,"en:snacks,en:sweet-snacks,en:biscuits-and-cakes,en:biscuits,en:chocolate-biscuits",,usa,"en:kosher,en:orthodox-union-kosher","en:france,en:switzerland","en:dark-chocolate-chunks,en:chocolate,en:dark-chocolate,en:fortified-wheat-flour,en:cereal,en:flour,en:wheat,en:cereal-flour,en:wheat-flour,en:sugar,en:added-sugar,en:disaccharide,en:butter,en:dairy,en:palm-oil,en:oil-and-fat,en:vegetable-oil-and-fat,en:palm-oil-and-fat,en:caramelised-sugar,en:egg,en:raising-agent,en:salt,en:colour,en:flavouring,en:cocoa-paste,en:cocoa,en:cocoa-butter,en:dextrose,en:monosaccharide,en:glucose,en:emulsifier,en:vanilla-extract,en:plant,en:vanilla,en:ghee,en:fat,en:milkfat,en:butterfat,en:e375,en:iron,en:minerals,en:thiamin-mononitrate,en:thiamin,en:e101,en:folic-acid,en:folate,en:invert-sugar,en:molasses,en:e500ii,en:e500,en:e336,en:e503,en:e150d,en:soya-lecithin,en:e322,en:e322i","en:eggs,en:gluten,en:milk,en:soybeans,fr:huile de beurre",,"en:e150d,en:e322,en:e322i,en:e336,en:e500,en:e500ii,en:e503",https://images.openfoodfacts.org/images/products/001/410/009/6986/front_en.56.400.jpg
0014100096993,http://world-en.openfoodfacts.org/product/0014100096993/chocolate-chunk-classic-dark-chocolate-crispy-cookies-pepperidge-farm,Chocolate chunk classic dark chocolate crispy Cookies,8 cookies,,"en:snacks,en:sweet-snacks,en:biscuits-and-cakes,en:biscuits,en:chocolate-biscuits",,,,"en:france,en:spain,en:switzerland","en:fortified-wheat-flour,en:cereal,en:flour,en:wheat,en:cereal-flour,en:wheat-flour,en:dark-chocolate,en:chocolate,en:sugar,en:added-sugar,en:disaccharide,en:palm-oil,en:oil-and-fat,en:vegetable-oil-and-fat,en:palm-oil-and-fat,en:butter,en:dairy,en:caramelised-sugar,en:egg,en:raising-agent,en:e336,en:e503,en:salt,en:flavouring,en:e375,en:iron,en:minerals,en:thiamin-mononitrate,en:thiamin,en:e101,en:folic-acid,en:folate,en:cocoa-paste,en:cocoa,en:cocoa-butter,en:dextrose,en:monosaccharide,en:glucose,en:emulsifier,en:vanilla-extract,en:plant,en:vanilla,en:ghee,en:fat,en:milkfat,en:butterfat,en:invert-sugar,en:molasses,en:e500ii,en:e500,en:soya-lecithin,en:e322,en:e322i",,,"en:e322,en:e322i,en:e336,en:e500,en:e500ii,en:e503",https://images.openfoodfacts.org/images/products/001/410/009/6993/front_fr.34.400.jpg
0014100097006,http://world-en.openfoodfacts.org/product/0014100097006/chocolate-chunk-milk-chocolate-macadamia-crispy-cookies,Chocolate Chunk Milk Chocolate Macadamia Crispy Cookies,204 g,"en:paper,en:packaging","en:snacks,en:sweet-snacks,en:biscuits-and-cakes,en:biscuits,en:chocolate-biscuits",,usa,"en:kosher,en:orthodox-union-kosher","en:france,en:switzerland,en:united-kingdom","en:fortified-wheat-flour,en:cereal,en:flour,en:wheat,en:cereal-flour,en:wheat-flour,en:milk-chocolate,en:chocolate,en:sugar,en:added-sugar,en:disaccharide,en:palm-oil,en:oil-and-fat,en:vegetable-oil-and-fat,en:palm-oil-and-fat,en:macadamia-nut,en:nut,en:tree-nut,en:butter,en:dairy,en:caramelised-sugar,en:egg,fr:noix-de-coco-rapee-dessechee,en:raising-agent,en:e336,en:e503,en:salt,en:flavouring,en:e375,en:reduced-iron,en:minerals,en:iron,en:thiamin-mononitrate,en:thiamin,en:e101,en:folic-acid,en:folate,en:cocoa-butter,en:cocoa,en:skimmed-milk-powder,en:milk-powder,en:cocoa-paste,en:ghee,en:fat,en:milkfat,en:butterfat,en:emulsifier,en:vanilla-extract,en:plant,en:vanilla,en:invert-sugar,en:monosaccharide,en:molasses,en:e500ii,en:e500,fr:pecan,fr:macadamia,en:walnut,fr:cajou,en:almond,en:soya-lecithin,en:e322,en:e322i","en:eggs,en:gluten,en:milk,en:nuts,en:soybeans,en:Cajou,en:Huile de beurre",,"en:e322,en:e322i,en:e336,en:e500,en:e500ii,en:e503",https://images.openfoodfacts.org/images/products/001/410/009/7006/front_fr.8.400.jpg
0014113230223,http://world-en.openfoodfacts.org/product/0014113230223/almonds-wonderful,Almonds,400 g,,,,,,"en:france,en:switzerland","en:almond,en:nut,en:tree-nut,en:salt",,,,https://images.openfoodfacts.org/images/products/001/411/323/0223/front_fr.18.400.jpg
0014113230230,http://world-en.openfoodfacts.org/product/0014113230230/almonds-wonderful,Almonds,400 g,"en:plastic,en:pp-polypropylene","en:plant-based-foods-and-beverages,en:plant-based-foods,en:nuts-and-their-products,en:nuts,en:almonds",,,,"en:france,en:switzerland","en:almond,en:nut,en:tree-nut",,en:nuts,,https://images.openfoodfacts.org/images/products/001/411/323/0230/front_fr.4.400.jpg
00141482,http://world-en.openfoodfacts.org/product/00141482/blutenhonig-flussig-migros,Blütenhonig flüssig,500 gr,,,,,,en:switzerland,,,,,https://images.openfoodfacts.org/images/products/00141482/front_de.3.400.jpg
0014190194999,http://world-en.openfoodfacts.org/product/0014190194999/stray-kids-i-am-not-mini-album,STRAY KIDS : I AM NOT (mini album),,,,,,,en:switzerland,,,,,https://images.openfoodfacts.org/images/products/001/419/019/4999/front_fr.3.400.jpg
001440119859,http://world-en.openfoodfacts.org/product/001440119859/cirio,,,,,,,,en:switzerland,,,,,
00144247,http://world-en.openfoodfacts.org/product/00144247/chocolat-chaud,Chocolat chaud,,,,,,,en:switzerland,,,,,https://images.openfoodfacts.org/images/products/00144247/front_fr.3.400.jpg
0014800513240,http://world-en.openfoodfacts.org/product/0014800513240/tomato-cocktail-from-concentrate-clamato,Tomato cocktail from concentrate,946 ml  -  32 FLOZ,,"en:plant-based-foods-and-beverages,en:beverages,en:plant-based-foods,en:fruits-and-vegetables-based-foods,en:vegetables-based-foods,en:tomatoes-and-their-products",,,,"en:switzerland,en:united-states","en:water,en:tomato-concentrate,en:vegetable,en:tomato,en:high-fructose-corn-syrup,en:added-sugar,en:disaccharide,en:monosaccharide,en:fructose,en:glucose,en:corn-syrup,en:glucose-fructose-syrup,en:e621,en:salt,en:e330,en:spice,en:condiment,en:onion,en:root-vegetable,en:garlic-powder,en:garlic,en:e300,en:dried-clam-broth,en:vinegar,en:natural-flavouring,en:flavouring,en:e129,en:red-chili-pepper,en:chili-pepper,en:colour-retention-agent",,,"en:e129,en:e330,en:e621",https://images.openfoodfacts.org/images/products/001/480/051/3240/front_en.12.400.jpg
00149198,http://world-en.openfoodfacts.org/product/00149198/luxemburgerli,Luxemburgerli,,,,,,,en:switzerland,,,,,https://images.openfoodfacts.org/images/products/00149198/front_fr.3.400.jpg
00152297,http://world-en.openfoodfacts.org/product/00152297/melange-randonnee-sun-queen,Mélange Randonnée,200 g,fr:sacs-plastique,"en:plant-based-foods-and-beverages,en:plant-based-foods,en:fruits-and-vegetables-based-foods,en:fruits-based-foods,en:dried-products,en:dried-plant-based-foods,en:dried-fruits,en:dried-mixed-fruits",fr:indéterminé,suisse,,"en:italy,en:switzerland","en:raisin,en:fruit,en:grape,fr:raisins-secs-blonds,en:cashew-nuts,en:nut,en:tree-nut,en:hazelnut,en:pine-nuts,en:seed,en:pecan-nut,en:cottonseed-oil,en:oil-and-fat,en:vegetable-oil-and-fat,en:vegetable-oil,en:sunflower-oil,en:antioxidant,en:e220",en:nuts,"en:nuts,en:peanuts",en:e220,https://images.openfoodfacts.org/images/products/00152297/front_fr.5.400.jpg
00154415,http://world-en.openfoodfacts.org/product/00154415/huile-de-tournesol-abcde,huile de tournesol,3l,en:battle,"en:plant-based-foods-and-beverages,en:plant-based-foods,en:fats,en:vegetable-fats,en:vegetable-oils,en:sunflower-seeds-and-their-products,en:sunflower-oils",,,,en:switzerland,,,,,
00155052,http://world-en.openfoodfacts.org/product/00155052/chocoladen-haselnuss-creme,Chocoladen Haselnuss-Crème,,,,,,,en:switzerland,"en:hazelnut,en:nut,en:tree-nut,en:sugar,de:schokolade-215,de:kann-mandeln-enthalten,en:cocoa-paste,en:cocoa,en:cocoa-butter,en:emulsifier,en:bourbon-vanilla,en:plant,en:vanilla,de:sojalezithin",,,,https://images.openfoodfacts.org/images/products/00155052/front_de.3.400.jpg
0015869017113,http://world-en.openfoodfacts.org/product/0015869017113/babymohren-bofrost,Babymohren,500 g,,"en:plant-based-foods-and-beverages,en:plant-based-foods,en:fruits-and-vegetables-based-foods,en:vegetables-based-foods,en:carrots",,,,en:switzerland,"en:baby-carrots,en:vegetable,en:root-vegetable,en:carrot",,,,https://images.openfoodfacts.org/images/products/001/586/901/7113/front_fr.3.400.jpg
00159777,http://world-en.openfoodfacts.org/product/00159777/carres-orange,Carres Orange,,,,,,,en:switzerland,,,,,https://images.openfoodfacts.org/images/products/00159777/front_fr.3.400.jpg
0016000485877,http://world-en.openfoodfacts.org/product/0016000485877/strawberry-sensation-fruit-roll-ups-30-count,Strawberry Sensation Fruit Roll-Ups 30 Count,,,en:snacks,,,"en:gluten-free,en:no-artificial-flavors","en:switzerland,en:united-states","en:corn-syrup,en:sugar,en:pear-puree,en:fruit,en:pear,en:puree,en:palm-oil,en:oil-and-fat,en:vegetable-oil-and-fat,en:palm-oil-and-fat,en:contains-2-and-less-of,en:sodium-citrate,en:minerals,en:sodium,en:fruit-pectin,en:e440a,en:monoglycerides,en:e296,en:dextrose,en:glucose,en:vitamin-c,en:vitamins,en:acetylated-monoglycerides,en:natural-flavouring,en:flavouring,en:colour,en:e330,en:e300,en:e129,en:yellows-5-and-6,en:e133",,,"en:e129,en:e133,en:e296,en:e330,en:e331,en:e440",
0016000502642,http://world-en.openfoodfacts.org/product/0016000502642/crunchy-canadian-maple-syrup-cereal-bar-nature-valley,Crunchy Canadian Maple Syrup Cereal Bar,42 g,"en:unknown,en:wrapper","en:snacks,en:sweet-snacks,en:bars,en:cereal-bars",,,en:natural-flavors,"en:france,en:germany,en:switzerland","en:whole-grain-oat-flakes,en:cereal,en:oat,en:oat-flakes,en:sugar,en:added-sugar,en:disaccharide,en:sunflower-oil,en:oil-and-fat,en:vegetable-oil-and-fat,en:vegetable-oil,en:canadian-maple-syrup,en:maple-syrup,en:salt,en:molasses,en:emulsifier,en:raising-agent,en:sunflower-lecithin,en:e322,en:e322i,en:e500ii,en:e500",,"en:nuts,en:peanuts,en:soybeans","en:e322,en:e322i,en:e500,en:e500ii",https://images.openfoodfacts.org/images/products/001/600/050/2642/front_en.34.400.jpg
0016000502666,http://world-en.openfoodfacts.org/product/0016000502666/barre-crunchy-nature-valley,Barre crunchy,42 g,"en:plastic,en:bag,en:barre,en:mixed-plastic-wrapper,en:otherplastic-film","en:snacks,en:sweet-snacks,en:bars,en:cereal-bars",,,"en:kosher,en:green-dot,en:orthodox-union-kosher","en:france,en:switzerland,en:united-kingdom","en:whole-grain-oat-flakes,en:cereal,en:oat,en:oat-flakes,en:sugar,en:added-sugar,en:disaccharide,en:sunflower-oil,en:oil-and-fat,en:vegetable-oil-and-fat,en:vegetable-oil,en:honey,en:salt,en:molasses,en:emulsifier,en:raising-agent,en:sunflower-lecithin,en:e322,en:e322i,en:e500ii,en:e500",en:gluten,"en:nuts,en:peanuts,en:soybeans","en:e322,en:e322i,en:e500,en:e500ii",https://images.openfoodfacts.org/images/products/001/600/050/2666/front_en.56.400.jpg
00161822,http://world-en.openfoodfacts.org/product/00161822,,,,,,,,en:switzerland,,,,,
0016229000547,http://world-en.openfoodfacts.org/product/0016229000547/ramboutan-et-ananas-aroyd-565gr-0,Ramboutan Et Ananas Aroyd 565GR 0,250 g,,,,,,"en:france,en:switzerland",,,,,https://images.openfoodfacts.org/images/products/001/622/900/0547/front_fr.16.400.jpg
0016229004019,http://world-en.openfoodfacts.org/product/0016229004019/savoy-coconut-cream,Savoy coconut cream,400 ml,en:canned,"en:plant-based-foods-and-beverages,en:beverages,en:plant-based-beverages,en:milk-substitute,en:cooking-helpers,en:plant-milks,en:coconut-milks,en:cremes-de-coco",Thailand,thailand,en:green-dot,"en:france,en:switzerland,en:united-states","en:coconut,en:fruit,en:water",,,,https://images.openfoodfacts.org/images/products/001/622/900/4019/front_en.32.400.jpg
0016229006525,http://world-en.openfoodfacts.org/product/0016229006525/pousses-de-bambou-aroy-d,Pousses de bambou,,,"en:plant-based-foods-and-beverages,en:plant-based-foods,en:sprouts,en:bamboo-shoots",,,,en:switzerland,,,,,https://images.openfoodfacts.org/images/products/001/622/900/6525/front_fr.4.400.jpg
0016229108106,http://world-en.openfoodfacts.org/product/0016229108106/grass-jelly-drink,grass jelly drink,,,,,,,en:switzerland,,,,,https://images.openfoodfacts.org/images/products/001/622/910/8106/front_fr.3.400.jpg
0016229901226,http://world-en.openfoodfacts.org/product/0016229901226/lychee-drink-foco,Lychee Drink,350 mL,"en:can,en:drink-can","en:plant-based-foods-and-beverages,en:beverages,en:plant-based-beverages,en:carbonated-drinks,en:fruit-based-beverages,en:sodas,en:sweetened-beverages",,thailande,,"en:france,en:switzerland,en:united-states","en:water,fr:jus-de-lychee,en:sugar,en:added-sugar,en:disaccharide,en:acidity-regulator,en:e330",,,en:e330,https://images.openfoodfacts.org/images/products/001/622/990/1226/front_fr.25.400.jpg
0016229914561,http://world-en.openfoodfacts.org/product/0016229914561/foco-coconut-water-100-pure,"Foco, coconut water, 100%pure",500 ml,en:tetra-pak,"en:plant-based-foods-and-beverages,en:beverages,en:plant-based-beverages,en:coconut-waters",Vietnam,,en:no-preservatives,"en:france,en:germany,en:switzerland,en:united-states","en:natural-coconut-water,en:fruit,en:coconut,en:coconut-water",,,,https://images.openfoodfacts.org/images/products/001/622/991/4561/front_en.4.400.jpg
0016229916695,http://world-en.openfoodfacts.org/product/0016229916695/coconut-water-with-pink-guava-foco,Coconut Water with pink guava,,,,,,,en:switzerland,,,,,https://images.openfoodfacts.org/images/products/001/622/991/6695/front_fr.9.400.jpg
0016229916879,http://world-en.openfoodfacts.org/product/0016229916879/sweet-chilli-sauce-for-chicken-aroy-d,Sweet Chilli Sauce For Chicken,,,"en:groceries,en:sauces,en:sweet-chilli-sauce",,,,en:switzerland,,,,,https://images.openfoodfacts.org/images/products/001/622/991/6879/front_fr.9.400.jpg
0016229917593,http://world-en.openfoodfacts.org/product/0016229917593/foco-coconut-water,"Foco, coconut water",330 ml,,"en:plant-based-foods-and-beverages,en:beverages,en:plant-based-beverages",,,,"en:france,en:switzerland,en:united-states","en:natural-coconut-water,en:fruit,en:coconut,en:coconut-water",,,,https://images.openfoodfacts.org/images/products/001/622/991/7593/front_en.10.400.jpg
0016229917852,http://world-en.openfoodfacts.org/product/0016229917852/coco-roots-coconut-water,COCO roots Coconut Water,,,,,,,en:switzerland,,,,,https://images.openfoodfacts.org/images/products/001/622/991/7852/front_fr.3.400.jpg
0016229920142,http://world-en.openfoodfacts.org/product/0016229920142/coconut-water,Coconut water,330 ml,,,,,,"en:france,en:switzerland",,,,,https://images.openfoodfacts.org/images/products/001/622/992/0142/front_fr.4.400.jpg
0016229928100,http://world-en.openfoodfacts.org/product/0016229928100/coconut-milk-drink,Coconut Milk drink,,,"en:plant-based-foods-and-beverages,en:beverages,en:plant-based-beverages,en:milk-substitute,en:plant-milks",,,,en:switzerland,,,,,https://images.openfoodfacts.org/images/products/001/622/992/8100/front_fr.3.400.jpg
00167161,http://world-en.openfoodfacts.org/product/00167161/cuba-grand-cru-dark-chocolate,Cuba Grand Cru Dark Chocolate,,,,,,en:made-in-swiss,en:switzerland,,,,,https://images.openfoodfacts.org/images/products/00167161/front_fr.3.400.jpg
00169776,http://world-en.openfoodfacts.org/product/00169776/classique-eistee,Classique Eistee,,,,,,,en:switzerland,,,,,https://images.openfoodfacts.org/images/products/00169776/front_fr.3.400.jpg
0017082877499,http://world-en.openfoodfacts.org/product/0017082877499/teriyaki-beef-jerky-jack-link-s,Teriyaki Beef Jerky,,,"en:meats,en:dried-meats,en:beef-jerkies",,,,en:switzerland,"en:jerky,en:my-dear-watson,en:tee-your-wilside-smart-snack-110-0g-78-nutrition-facts-lacklinks,en:com-dec-02-2017-1si-esta",,,,https://images.openfoodfacts.org/images/products/001/708/287/7499/front_en.23.400.jpg
00178266,http://world-en.openfoodfacts.org/product/00178266/gianduja-hase-dunkel,Gianduja - Hase Dunkel,,,,,,,en:switzerland,,,,,https://images.openfoodfacts.org/images/products/00178266/front_fr.3.400.jpg
0018053740965,http://world-en.openfoodfacts.org/product/0018053740965/organic-creamy-tomato-basil-soup-harry-s,Organic creamy tomato basil soup,,,,,,,en:switzerland,"en:milk,en:dairy,en:water,en:vine-ripened-diced-tomatoes-in-juice,en:tomato-concentrate,en:vegetable,en:tomato,en:cream-less-than-2-of,en:onion,en:root-vegetable,en:salt,en:yeast-paste-cane-sugar,en:soy-sauce,en:sauce,en:maltodextrins,en:natural-tomato-flavor,en:potato-starch,en:starch,en:natural-flavouring,en:flavouring,en:dried-onion-dried-garlic-and-spice,en:canola-oil,en:oil-and-fat,en:vegetable-oil-and-fat,en:rapeseed-oil,en:wheat-flour,en:cereal,en:flour,en:wheat,en:cereal-flour,en:cane-sugar,en:sugar,en:corn-starch,en:basil,en:herb,en:cultured-dextrose,en:garlic,en:tamari,en:spice,en:e330,en:na-ories-a-v-v-vegetarian-dltomic-pladte,en:vegetable-base-negetables-and-concentrated-vegetables,en:carrots-celery,en:soybeans-salt,en:soya-bean,en:legume,en:soya,en:alcohol",,,en:e330,https://images.openfoodfacts.org/images/products/001/805/374/0965/front_en.4.400.jpg
00180733,http://world-en.openfoodfacts.org/product/00180733/milch-intense-sprungli,Milch intense,100 g,en:cardboard,"en:snacks,en:sweet-snacks,en:cocoa-and-its-products,en:chocolates,en:milk-chocolates,en:milk-chocolate-bar",,suisse,fr:fsc-c010395,en:switzerland,"en:sugar,en:added-sugar,en:disaccharide,en:cocoa-butter,en:cocoa,en:cocoa-paste,en:milk-powder,en:dairy,beurree-bouilli,en:emulsifier,en:bourbon-vanilla,en:plant,en:vanilla,en:soya-lecithin,en:e322,en:e322i",,"en:nuts,en:peanuts","en:e322,en:e322i",https://images.openfoodfacts.org/images/products/00180733/front_fr.19.400.jpg
00180740,http://world-en.openfoodfacts.org/product/00180740/baracoa-grand-cru,Baracoa Grand Cru,,,,,,,en:switzerland,,,,,https://images.openfoodfacts.org/images/products/00180740/front_fr.3.400.jpg
00180757,http://world-en.openfoodfacts.org/product/00180757/suhum-grand-cru-60,Suhum Grand Cru 60%,,,,,,,en:switzerland,,,,,https://images.openfoodfacts.org/images/products/00180757/front_fr.3.400.jpg
00180764,http://world-en.openfoodfacts.org/product/00180764/maracaibo-grand-cru,Maracaibo Grand Cru,,,,,,,en:switzerland,,,,,https://images.openfoodfacts.org/images/products/00180764/front_fr.3.400.jpg
00180771,http://world-en.openfoodfacts.org/product/00180771/selva-zoque-grand-cru,Selva Zoque Grand cru,,,,,,,en:switzerland,,,,,https://images.openfoodfacts.org/images/products/00180771/front_fr.3.400.jpg
00180788,http://world-en.openfoodfacts.org/product/00180788/beni-grand-cru-75,Beni Grand Cru 75%,,,,,,,en:switzerland,,,,,https://images.openfoodfacts.org/images/products/00180788/front_fr.3.400.jpg
00181587,http://world-en.openfoodfacts.org/product/00181587/pasta-grillgemuse-salat,Pasta Grillgemüse Salat,,,,,,,en:switzerland,,,,,https://images.openfoodfacts.org/images/products/00181587/front_fr.3.400.jpg
0018176781005,http://world-en.openfoodfacts.org/product/0018176781005/swiss-milk,Swiss milk,100 g,,,,,,en:switzerland,,,,,https://images.openfoodfacts.org/images/products/001/817/678/1005/front_fr.3.400.jpg
00182027,http://world-en.openfoodfacts.org/product/00182027/pralines,Pralinés,,,,,,,en:switzerland,,,,,https://images.openfoodfacts.org/images/products/00182027/front_fr.3.400.jpg
00182881,http://world-en.openfoodfacts.org/product/00182881/shocolade,Shocolade,,,,,,,en:switzerland,,,,,https://images.openfoodfacts.org/images/products/00182881/front_fr.3.400.jpg
0018627107118,http://world-en.openfoodfacts.org/product/0018627107118/chewy-nut-butter-bars-salted-chocolate-chunk-kashi,Chewy nut butter bars (salted chocolate chunk),,,,,,en:gluten-free,en:switzerland,,,,,https://images.openfoodfacts.org/images/products/001/862/710/7118/front_en.3.400.jpg
00186582,http://world-en.openfoodfacts.org/product/00186582/dar-vida-extra-fin-fromage-hug,dar-vida extra fin fromage,46 g,en:bag,"en:snacks,en:salty-snacks",,suisse,,en:switzerland,"fr:whale-meal-flour,fr:wheat-flour,fr:gruyere,fr:colza-oil,fr:skimmed-milk-powder,fr:sea-salt,fr:yeast,fr:barley-malt-extract,fr:raising-agent,fr:almonds-and-sesame-seeds,fr:emanrungsinformation,fr:information-nutritionnelle,fr:nutrional-information-pro,fr:par,fr:per-100g-energie,fr:energie,fr:energy-feft,fr:davon,fr:lipides,fr:dont,fr:fat,fr:of-which-gesattigte-fettsauren,fr:acides-gras-satures,fr:saturated-fatty-acids-kohlenhydrate,fr:glucides,fr:carbohydrates,fr:of-which,fr:zucker,en:sugar,fr:sugars-nahrungsfasern,en:fiber,fr:dietary-fibre-eiweiss,en:protein,fr:proteins-salz,en:salt,fr:salt-1856-kj,fr:spelt,fr:wheat,fr:sodium-carbonates,fr:may-contain-fraces-of-hazelnuts",,"en:nuts,en:sesame-seeds","en:e500,en:e570",https://images.openfoodfacts.org/images/products/00186582/front_fr.5.400.jpg
00186605,http://world-en.openfoodfacts.org/product/00186605/ovomaltine-crunchy,Ovomaltine crunchy,100 grammes,,,,,"en:sustainable-farming,en:utz-certified",en:switzerland,,,,,https://images.openfoodfacts.org/images/products/00186605/front_fr.11.400.jpg
0018787820179,http://world-en.openfoodfacts.org/product/0018787820179/seifen-dr-bronner-s,Seifen,,,,,,,en:switzerland,,,,,https://images.openfoodfacts.org/images/products/001/878/782/0179/front_de.3.400.jpg
0018871904006,http://world-en.openfoodfacts.org/product/0018871904006/milo,Milo,,,,,,,en:switzerland,,,,,https://images.openfoodfacts.org/images/products/001/887/190/4006/front_fr.3.400.jpg
0020176221009,http://world-en.openfoodfacts.org/product/0020176221009/vol-au-vent-gourmet-pidy,Vol-au-vent,4 pièces,,,,,,en:switzerland,,,,,https://images.openfoodfacts.org/images/products/002/017/622/1009/front_fr.3.400.jpg
0021000653713,http://world-en.openfoodfacts.org/product/0021000653713/moisturising-cream-kraft,Moisturising Cream,206 g,en:card-box,,,,"en:no-artificial-flavors,en:verified","en:france,en:switzerland","en:enriched-macaroni,en:cheese-sauce-mix,en:wheat-flour,en:cereal,en:flour,en:wheat,en:cereal-flour,en:durum-wheat-flour,en:e375,en:ferrous-sulfate,en:minerals,en:iron,en:thiamin-mononitrate,en:thiamin,en:e101,en:vitamin-b21-folic-acid,en:whey,en:dairy,en:mlkfat-milk-protein-concentrate,en:salt,en:e451i,en:e451,en:contains-less-than-2-of-citric-acid,en:e270,en:e339,en:e341,en:paprika,en:condiment,en:spice,en:turmeric,en:and-annatto-added-for-color,en:enzyme,en:lactic-ferments,en:ferment,en:microbial-culture",,,"en:e270,en:e330,en:e451,en:e451i",
0021078006701,http://world-en.openfoodfacts.org/product/0021078006701/guar-gum,Guar Gum,16 oz,,en:dietary-supplements,,,,en:switzerland,,,,,https://images.openfoodfacts.org/images/products/002/107/800/6701/front_fr.3.400.jpg
0021078007791,http://world-en.openfoodfacts.org/product/0021078007791/psyllium-husk,Psyllium Husk,12 oz,,,,,,en:switzerland,,,,,https://images.openfoodfacts.org/images/products/002/107/800/7791/front_fr.3.400.jpg
0021245573203,http://world-en.openfoodfacts.org/product/0021245573203/magnesium-500mg-kal,Magnesium 500mg,3000 mg,,en:dietary-supplements,,,,en:switzerland,"en:suppllement-facts-serving-size-1-tablet-daily-value-amount-per-serving-125-magnesium,en:500-mg-100-mg-l-arginine-hci-100-mg-l-glutamine-10mg-actisorb-base,en:daily-value-not-established,en:onetium-complex-with-amino-acids-for-additional-support-the-body-and-is-neoolod-for-other-ingredients,en:e551,en:e570,en:e412,en:e530,en:magnesium-taurate,en:e345,en:magnesium-orotate,en:bioperine,en:cayenne-pepper,en:spice,en:ginger,en:e392,en:e100,en:e460,en:black-pepper-extract,en:seed,en:pepper,en:black-pepper",,,"en:e392,en:e412,en:e460,en:e570",https://images.openfoodfacts.org/images/products/002/124/557/3203/front_en.4.400.jpg
00215941,http://world-en.openfoodfacts.org/product/00215941,,,,,,,,en:switzerland,,,,,
0021648957549,http://world-en.openfoodfacts.org/product/0021648957549/le-riz,Le riz,,,,,,,en:switzerland,,,,,https://images.openfoodfacts.org/images/products/002/164/895/7549/front_fr.3.400.jpg
002230009,http://world-en.openfoodfacts.org/product/002230009/nectar-d-abricot,Nectar d'Abricot,,,"en:plant-based-foods-and-beverages,en:beverages,en:plant-based-beverages,en:fruit-based-beverages,en:juices-and-nectars,en:fruit-nectars,en:apricot-nectars",,,,en:switzerland,,,,,https://images.openfoodfacts.org/images/products/002/230/009//front_fr.3.400.jpg
0022314010049,http://world-en.openfoodfacts.org/product/0022314010049/creme-de-marrons-de-l-ardeche-clement-faugier,Crème de marrons de l'Ardèche,250 g,"en:metal,en:canned","en:plant-based-foods-and-beverages,en:plant-based-foods,en:spreads,en:nuts-and-their-products,en:plant-based-spreads,en:chestnut-spreads,en:plant-based-pates",,,en:no-gluten,"en:france,en:switzerland","en:chestnut,en:nut,en:tree-nut,en:sugar,en:added-sugar,en:disaccharide,fr:marrons-glaces,en:glucose-syrup,en:monosaccharide,en:glucose,en:water,en:natural-vanilla-extract,en:plant,en:vanilla,en:vanilla-extract",,,,https://images.openfoodfacts.org/images/products/002/231/401/0049/front_fr.40.400.jpg
0022314010100,http://world-en.openfoodfacts.org/product/0022314010100/creme-de-marrons-clement-faugier,Crème de marrons,100 g,"en:metal,en:pot,en:canned,en:packaging","en:plant-based-foods-and-beverages,en:plant-based-foods,en:spreads,en:nuts-and-their-products,en:plant-based-spreads,en:chestnut-spreads,en:plant-based-pates",,,"en:no-gluten,en:made-in-france","en:france,en:switzerland","en:chestnut,en:nut,en:tree-nut,en:sugar,en:added-sugar,en:disaccharide,fr:marrons-glaces,en:glucose-syrup,en:monosaccharide,en:glucose,en:water,en:natural-vanilla-extract,en:plant,en:vanilla,en:vanilla-extract",,,,https://images.openfoodfacts.org/images/products/002/231/401/0100/front_en.30.400.jpg
0022392871167,http://world-en.openfoodfacts.org/product/0022392871167/halayang-ube,Halayang Ube,340 g,,,,,,en:switzerland,,,,,https://images.openfoodfacts.org/images/products/002/239/287/1167/front_fr.3.400.jpg
0022644076067,http://world-en.openfoodfacts.org/product/0022644076067/melange-de-noix-et-de-graines,Mélange de noix et de graines,,,,,,,en:switzerland,,,,,https://images.openfoodfacts.org/images/products/002/264/407/6067/front_fr.4.400.jpg
0022796976932,http://world-en.openfoodfacts.org/product/0022796976932,,,,,,,,en:switzerland,,,,,
0023249000839,http://world-en.openfoodfacts.org/product/0023249000839/c3-complex-turmeric-curcumin,C3 Complex turmeric curcumin,,,,,,,en:switzerland,,,,,https://images.openfoodfacts.org/images/products/002/324/900/0839/front_fr.3.400.jpg
0023249011712,http://world-en.openfoodfacts.org/product/0023249011712/collagen-peptides-matcha-green-tea,Collagen Peptides Matcha Green Tea,,,,,,,en:switzerland,,,,,https://images.openfoodfacts.org/images/products/002/324/901/1712/front_fr.3.400.jpg
00238076,http://world-en.openfoodfacts.org/product/00238076/graines-de-tournesol-migros,Graines de tournesol,400g,,"en:plant-based-foods-and-beverages,en:plant-based-foods,en:seeds,en:sunflower-seeds-and-their-products,en:sunflower-seeds",,,,en:switzerland,,,,,https://images.openfoodfacts.org/images/products/00238076/front_fr.3.400.jpg
0024000001669,http://world-en.openfoodfacts.org/product/0024000001669/pineapple-slices-in-juice-del-monte,Pineapple slices in juice,140 g,"en:canned,de:dose-n,en:steel-tin","en:plant-based-foods-and-beverages,en:plant-based-foods,en:canned-foods,en:fruits-and-vegetables-based-foods,en:canned-plant-based-foods,en:fruits-based-foods,en:fruits,en:canned-fruits,en:tropical-fruits,en:pineapple,en:canned-fruits-in-juice,en:canned-pineapples,en:pineapple-in-juice",,,,"en:germany,en:japan,en:switzerland,en:united-states","en:pineapple,en:fruit,en:pineapple-juice,en:fruit-juice",,,,https://images.openfoodfacts.org/images/products/002/400/000/1669/front_fr.4.400.jpg
0024000009580,http://world-en.openfoodfacts.org/product/0024000009580/melange-de-fruits-tropicaux-del-monte,Mélange de Fruits Tropicaux,250 g,,,,,,en:switzerland,"fr:cocktail-de-fruits,en:water,en:sugar,en:added-sugar,en:disaccharide,en:acidity-regulator,en:pineapple,en:fruit,fr:papaye-rouge,en:papaya,en:guava,fr:papaye-jaune-et-ramboutan,en:e330",,,en:e330,https://images.openfoodfacts.org/images/products/002/400/000/9580/front_fr.12.400.jpg
0024000010227,http://world-en.openfoodfacts.org/product/0024000010227/del-monte-halves-pear,"Del monte, halves pear",825 g (460 g égoutté),en:canned,"en:plant-based-foods-and-beverages,en:plant-based-foods,en:canned-foods,en:desserts,en:fruits-and-vegetables-based-foods,en:canned-plant-based-foods,en:fruits-based-foods,en:canned-fruits,en:fruits-in-syrup,en:pears-in-syrup",Afrique du Sud,,,"en:france,en:switzerland,en:united-states","en:pear,en:fruit,en:water,en:high-fructose-corn-syrup,en:added-sugar,en:disaccharide,en:monosaccharide,en:fructose,en:glucose,en:corn-syrup,en:glucose-fructose-syrup,en:sugar",,,,https://images.openfoodfacts.org/images/products/002/400/001/0227/front.8.400.jpg
0024000010418,http://world-en.openfoodfacts.org/product/0024000010418/peach-halves-del-monte,Peach halves,825 g,en:box,"en:plant-based-foods-and-beverages,en:plant-based-foods,en:canned-foods,en:desserts,en:fruits-and-vegetables-based-foods,en:canned-plant-based-foods,en:fruits-based-foods,en:canned-fruits,en:fruits-in-syrup,en:peaches-in-syrup",,,,"en:belgium,en:france,en:switzerland,en:united-states","en:peach,en:fruit,en:water,en:high-fructose-corn-syrup,en:added-sugar,en:disaccharide,en:monosaccharide,en:fructose,en:glucose,en:corn-syrup,en:glucose-fructose-syrup,en:sugar",,,,
0024000010920,http://world-en.openfoodfacts.org/product/0024000010920/fruit-cocktail-in-heavy-syrup-del-monte,Fruit cocktail in heavy syrup,825 g,"en:metal,en:canned,en:steel","en:plant-based-foods-and-beverages,en:plant-based-foods,en:canned-foods,en:desserts,en:fruits-and-vegetables-based-foods,en:canned-plant-based-foods,en:fruits-based-foods,en:canned-fruits,en:fruits-in-syrup,en:canned-mixed-fruit-in-syrup",,grece,,"en:switzerland,en:united-states","en:fruit,en:water,en:high-fructose-corn-syrup,en:added-sugar,en:disaccharide,en:monosaccharide,en:fructose,en:glucose,en:corn-syrup,en:glucose-fructose-syrup,en:sugar,en:peach,en:pear,en:grape,en:pineapple,en:cherry,en:e120",,,,https://images.openfoodfacts.org/images/products/002/400/001/0920/front_en.17.400.jpg
0024000011484,http://world-en.openfoodfacts.org/product/0024000011484/mandarine-del-monte,Mandarine,175g,"en:can,fr:item","en:plant-based-foods-and-beverages,en:plant-based-foods,en:canned-foods,en:desserts,en:fruits-and-vegetables-based-foods,en:canned-plant-based-foods,en:fruits-based-foods,en:canned-fruits,en:fruits-in-syrup",,,,"en:germany,en:switzerland,en:united-states","en:mandarin,en:fruit,en:citrus-fruit,en:water,en:sugar,en:added-sugar,en:disaccharide,en:acidity-regulator,en:e330",,,en:e330,https://images.openfoodfacts.org/images/products/002/400/001/1484/front_en.14.400.jpg
0024000012559,http://world-en.openfoodfacts.org/product/0024000012559/pineapple-slices-in-juice-del-monte,Pineapple slices in juice,820 g,,"en:plant-based-foods-and-beverages,en:plant-based-foods,en:canned-foods,en:fruits-and-vegetables-based-foods,en:canned-plant-based-foods,en:fruits-based-foods,en:fruits,en:canned-fruits,en:tropical-fruits,en:pineapple,en:canned-pineapples",Kenya,,,"en:belgium,en:france,en:germany,en:switzerland,en:united-kingdom","en:pineapple,en:fruit,en:pineapple-juice,en:fruit-juice",,,,https://images.openfoodfacts.org/images/products/002/400/001/2559/front_en.57.400.jpg
0024000014430,http://world-en.openfoodfacts.org/product/0024000014430/mais-croquant-del-monte,Maïs Croquant,340 g,en:can,"en:plant-based-foods-and-beverages,en:plant-based-foods,en:cereals-and-potatoes,en:seeds,en:cereals-and-their-products,en:cereal-grains,en:corn",,,,en:switzerland,,,,,https://images.openfoodfacts.org/images/products/002/400/001/4430/front_fr.14.400.jpg
0024000024675,http://world-en.openfoodfacts.org/product/0024000024675/fruit-cocktail-in-light-syrup-del-monte,Fruit Cocktail in Light Syrup,420 g,"en:metal,en:box,en:canned","en:plant-based-foods-and-beverages,en:plant-based-foods,en:fruits-and-vegetables-based-foods,en:fruits-based-foods,en:fruits,fr:sirop-leger",,importe-de-grece,,"en:belgium,en:switzerland","en:fruit,en:sugar,en:added-sugar,en:disaccharide,en:glucose-syrup,en:monosaccharide,en:glucose,en:acidity-regulator,en:peach,en:pear,en:pineapple,en:grape,fr:cerises-avec-colorant-e127,en:water,en:e330",,,en:e330,https://images.openfoodfacts.org/images/products/002/400/002/4675/front_fr.38.400.jpg
0024000025528,http://world-en.openfoodfacts.org/product/0024000025528/peches-demi-fruits-del-monte,Pêches Demi-Fruits,420 g,en:can,"en:plant-based-foods-and-beverages,en:plant-based-foods,en:canned-foods,en:desserts,en:fruits-and-vegetables-based-foods,en:canned-plant-based-foods,en:fruits-based-foods,en:canned-fruits,en:fruits-in-syrup",Greece,,,"en:belgium,en:switzerland","en:peach,en:fruit,en:water,en:glucose-fructose-syrup,en:added-sugar,en:monosaccharide,en:fructose,en:glucose,en:sugar,en:disaccharide,en:acidity-regulator,en:e330",,,en:e330,https://images.openfoodfacts.org/images/products/002/400/002/5528/front_fr.4.400.jpg
0024000027584,http://world-en.openfoodfacts.org/product/0024000027584/poires-demi-fruits-au-sirop-leger-delmonte,Poires Demi-Fruits : Au Sirop Léger,230 g,en:canned,"en:plant-based-foods-and-beverages,en:plant-based-foods,en:canned-foods,en:desserts,en:canned-plant-based-foods,en:canned-fruits,en:fruits-in-syrup,en:pears-in-syrup",,,,"en:belgium,en:switzerland","en:pear,en:fruit,en:water,en:sugar,en:added-sugar,en:disaccharide,en:acidity-regulator,en:e330",,,en:e330,https://images.openfoodfacts.org/images/products/002/400/002/7584/front_fr.5.400.jpg
0024000067931,http://world-en.openfoodfacts.org/product/0024000067931/peeled-tomatoes-del-monte,Peeled tomatoes,,,,,,,en:switzerland,"en:tomato,en:vegetable,en:tomato-juice,en:acidity-regulator,en:e330",,,en:e330,https://images.openfoodfacts.org/images/products/002/400/006/7931/front_fr.11.400.jpg
0024000105909,http://world-en.openfoodfacts.org/product/0024000105909/pamplemousse-ruby-red-del-monte-quality,Pamplemousse Ruby Red,,fr:fruit,,,,,en:switzerland,,,,,https://images.openfoodfacts.org/images/products/002/400/010/5909/front_fr.14.400.jpg
0024000124948,http://world-en.openfoodfacts.org/product/0024000124948/peches-demi-fruits-au-jus-pfirsich-halbe-frucht-del-monte,Pêches demi-fruits au jus / Pfirsich halbe Frucht,235g,fr:conserve-metallique,"en:plant-based-foods-and-beverages,en:plant-based-foods,en:canned-foods,en:desserts,en:fruits-and-vegetables-based-foods,en:canned-plant-based-foods,en:fruits-based-foods,en:fruits,en:canned-fruits,en:fruits-in-syrup,en:peaches,en:peaches-in-syrup",,,,"en:belgium,en:france,en:germany,en:spain,en:switzerland","en:peach,en:fruit,en:pineapple-juice-from-concentrate,en:fruit-juice,en:pineapple,en:pineapple-juice,en:concentrated-pineapple-juice,en:acidity-regulator,en:e330",,,en:e330,https://images.openfoodfacts.org/images/products/002/400/012/4948/front_fr.38.400.jpg
0024000195375,http://world-en.openfoodfacts.org/product/0024000195375/quality-exotics-perles-de-melon-au-sirop-leger-del-monte,Quality Exotics Perles de Melon Au Sirop Léger,425 g,,"en:beverages,en:syrups,en:flavoured-syrups,en:syrups-with-fruits,fr:sirop-de-melon",,,,en:switzerland,"en:melon,en:fruit,en:water,en:sugar,en:added-sugar,en:disaccharide,en:acidity-regulator,en:e330",,,en:e330,https://images.openfoodfacts.org/images/products/002/400/019/5375/front_fr.13.400.jpg
0024000196792,http://world-en.openfoodfacts.org/product/0024000196792/lychees-au-sirop-leger-delmonte,Lychees : Au Sirop Léger,250 g,,,,,,en:switzerland,"fr:lychees,en:water,en:sugar,en:added-sugar,en:disaccharide,en:acidity-regulator,en:e330",,,en:e330,https://images.openfoodfacts.org/images/products/002/400/019/6792/front_fr.5.400.jpg
0024300045318,http://world-en.openfoodfacts.org/product/0024300045318/snowflake-brownies-little-debbie,Snowflake Brownies,,en:card-box,"en:biscuits-and-cakes,en:cakes",,,,"en:switzerland,en:united-states","en:flour,en:corn-syrup,en:palm-and-soybean-oils-with-tbhq-and-citric-acid-to-protect-flavor,en:sugar,en:dextrose,en:glucose,en:water,en:cocoa,en:contains-2-and-less-of-each-of-the-following,en:corn-starch,en:starch,en:soya-lecithin,en:e322,en:e322i,en:salt,en:raising-agent,en:e171,en:e150a,en:modified-corn-starch,en:modified-starch,en:soya-oil,en:oil-and-fat,en:vegetable-oil-and-fat,en:vegetable-oil,en:natural-and-artificial-flavouring,en:flavouring,en:natural-flavouring,en:artificial-flavouring,en:e435,en:e129,en:whey,en:dairy,en:soya-flour,en:legume,en:soya,en:soya-bean,en:egg-white,en:egg,en:e330,en:e200,en:wheat-flour,en:cereal,en:wheat,en:cereal-flour,en:e375,en:reduced-iron,en:minerals,en:iron,en:thiamin-mononitrate,en:thiamin,en:e101,en:folic-acid,en:folate,en:vitamins,en:powdered-sugar,en:e500ii,en:e500,en:e541,en:milk,en:to-preserve-freshness","en:gluten,en:milk",,"en:e129,en:e150c,en:e171,en:e200,en:e322,en:e322i,en:e330,en:e435,en:e500,en:e500ii,en:e541",https://images.openfoodfacts.org/images/products/002/430/004/5318/front_en.5.400.jpg
0024307002703,http://world-en.openfoodfacts.org/product/0024307002703/scottish-highland-blend,Scottish Highland Blend,,,"en:plant-based-foods-and-beverages,en:beverages,en:hot-beverages,en:plant-based-beverages,en:teas,en:black-teas",,,,en:switzerland,,,,,https://images.openfoodfacts.org/images/products/002/430/700/2703/front_fr.6.400.jpg
0024463061095,http://world-en.openfoodfacts.org/product/0024463061095/sriracha-hot-chili-sauce-huy-fong,Sriracha hot chili sauce,482 g,"en:plastic,en:pet-polyethylene-terephthalate,en:bottle,en:green-dot,en:pet-bottle","en:groceries,en:sauces,en:hot-sauces,en:sriracha","United States,California,de:ESTADOS UNIDOS","estados-unidos,usa,united-states",en:green-dot,"en:france,en:germany,en:mexico,en:sweden,en:switzerland,en:united-states","en:chili-pepper,en:vegetable,en:sugar,en:added-sugar,en:disaccharide,en:salt,en:garlic,en:root-vegetable,en:e260,en:potassium-sorbate-and-sodium-bisulfite-as-preservatives,en:e415",en:sulphur-dioxide-and-sulphites,,"en:e260,en:e415",https://images.openfoodfacts.org/images/products/002/446/306/1095/front_en.100.400.jpg
0024463061163,http://world-en.openfoodfacts.org/product/0024463061163/sriracha-chili-sauce-cock-brand,Sriracha Chili Sauce,793 gl,"en:plastic,en:pet-polyethylene-terephthalate,en:mixed-plastic-cap,en:pet-bottle,en:plastic-bottle","en:sauces,en:hot-sauces,en:sauces-sriracha,en:groceries","Vereinigte Staaten von Amerika,Kalifornien",usa,,"en:france,en:germany,en:switzerland,en:united-states","en:chili-pepper,en:vegetable,en:sugar,en:added-sugar,en:disaccharide,en:salt,en:garlic,en:root-vegetable,en:e260,en:e202,en:e222,en:e415",,,"en:e202,en:e222,en:e260,en:e415",https://images.openfoodfacts.org/images/products/002/446/306/1163/front_en.9.400.jpg
0025000040863,http://world-en.openfoodfacts.org/product/0025000040863/lemonade-strawberry-simply,Lemonade Strawberry,,en:pet-bottle,"en:beverages,en:carbonated-drinks,en:sodas",,,,"en:switzerland,en:united-states","en:filtered-water,en:water,en:cane-sugar,en:added-sugar,en:disaccharide,en:sugar,en:lemon-juice,en:fruit,en:fruit-juice,en:strawberry-puree,en:berries,en:puree,en:strawberry,en:natural-flavouring,en:flavouring",,,,https://images.openfoodfacts.org/images/products/002/500/004/0863/front_en.9.400.jpg
002510130,http://world-en.openfoodfacts.org/product/002510130/sauce-a-salade,Sauce à salade,,,,,,,en:switzerland,,,,,https://images.openfoodfacts.org/images/products/002/510/130//front_fr.3.400.jpg
0026200117713,http://world-en.openfoodfacts.org/product/0026200117713/original-jumbo-sunflower-seeds,Original jumbo sunflower seeds,,,,,,,en:switzerland,en:ingredients-sunflower-seeds-salt-conagra-brands,,,,
00272,http://world-en.openfoodfacts.org/product/00272/spaghetti-proteici,Spaghetti Proteici,1000 g,en:bag,,,,,"en:france,en:switzerland",,,,,https://images.openfoodfacts.org/images/products/00272/front_fr.4.400.jpg
0028000002213,http://world-en.openfoodfacts.org/product/0028000002213/funghi-grigliati-migros,Funghi grigliati  Migros,,,,,,,"en:france,en:switzerland",,,,,
0028190007876,http://world-en.openfoodfacts.org/product/0028190007876/microwave-popcorn-butter-flavour-jolly-time,Microwave PopCorn - Butter Flavour,3 * 100 g (300 g),"en:cardboard,en:non-corrugated-cardboard","en:snacks,en:popcorn",,vereinigte-staten-von-amerika,"en:kosher,en:no-gluten,en:orthodox-union-kosher","en:france,en:germany,en:switzerland,en:united-states","en:whole-grain-non-gmo-pop-corn,en:corn-oil,en:oil-and-fat,en:vegetable-oil-and-fat,en:vegetable-oil,en:palm-oil,en:palm-oil-and-fat,en:salt,en:natural-flavouring,en:flavouring,en:butter,en:dairy,en:dry-buttermilk,en:tbhq-and-ascorbic-acid-to-preserve-freshness,en:e160b,en:cream",en:milk,"en:eggs,en:soybeans",,https://images.openfoodfacts.org/images/products/002/819/000/7876/front_en.57.400.jpg
0028190007944,http://world-en.openfoodfacts.org/product/0028190007944/microwave-popcorn-jolly-time,Microwave popcorn,300 g,,"en:snacks,en:popcorn",,,en:no-gluten,"en:belgium,en:france,en:switzerland,en:united-states","fr:mais-souffle-blanc,en:palm-oil,en:oil-and-fat,en:vegetable-oil-and-fat,en:palm-oil-and-fat,en:salt,en:natural-flavouring,en:flavouring",,,,https://images.openfoodfacts.org/images/products/002/819/000/7944/front_en.18.400.jpg
0028200008220,http://world-en.openfoodfacts.org/product/0028200008220/karotten,karotten,,,,,,,"en:france,en:switzerland",,,,,
0028400645492,http://world-en.openfoodfacts.org/product/0028400645492/potato-chips-lay-s,Potato chips,10 oz,,en:chips-and-fries,,,,"en:switzerland,en:united-states","en:autrition-facts-10-servings-per-container-sering-size-about-15-chips,en:off-amount-perserving-calories-160-daily-value-total-fat-10g-13-7-saturated-fat-1-5-trans-fat-0g-cholesterol-omg-sodium-170mıg-total-carbohydrate-15-dietary-fil-er-1g-total-sugars-less-than-g-protein-2g-0-7-6-5-vitamin-omcg-calcium-10mg-iron-0,en:emg-potssium-350mg-viranin-c-nott-significant-source-of-added-sugars,en:the-daily-value-in-a-erving-of-food-ov-tells-you-how-much-a-nutrient-contributes-to-calories-a-day-is-used-for-general-nutrition-advice,en:ingreuients,en:veg-table-oil,en:sunflower,en:plant,en:vor-canola,en:and-salt,en:a-daily-diet,en:2-000-corn-an-frito-lay,en:inc,en:plano,en:tx-75024-4099-2019-frito-lay-north-america-inc-e-smartlabel-scan-here-for-more-food-information-ind-us-on,en:2-g,en:potates",,,,https://images.openfoodfacts.org/images/products/002/840/064/5492/front_en.14.400.jpg
0029000026766,http://world-en.openfoodfacts.org/product/0029000026766/cheez-balls-planters,Cheez Balls,,,,,,,en:switzerland,,,,,https://images.openfoodfacts.org/images/products/002/900/002/6766/front_fr.3.400.jpg
0029981003534,http://world-en.openfoodfacts.org/product/0029981003534/torrine,Torrine,7 oz,,,,,,en:switzerland,,,,,https://images.openfoodfacts.org/images/products/002/998/100/3534/front_fr.3.400.jpg
00300000000001891639,http://world-en.openfoodfacts.org/product/00300000000001891639/rouleaux-de-printemps,Rouleaux de printemps,,,,,,,en:switzerland,,,,,https://images.openfoodfacts.org/images/products/003/000/000/00001891639/front_fr.3.400.jpg
00305075,http://world-en.openfoodfacts.org/product/00305075/echinacea-hibiscus-by-sainsbury-s,Echinacea & hibiscus,,,,,,,"en:switzerland,en:united-kingdom",,,,,https://images.openfoodfacts.org/images/products/00305075/front_fr.3.400.jpg
0030800009736,http://world-en.openfoodfacts.org/product/0030800009736/baton-en-sucre-a-l-arome-de-menthe-migros,Bâton en sucre à l'arôme de menthe,28 g,,,,,,en:switzerland,"en:sugar,en:added-sugar,en:disaccharide,en:glucose-syrup,en:monosaccharide,en:glucose,en:water,en:natural-flavouring,en:flavouring,en:colour,en:e163",,,en:e163,https://images.openfoodfacts.org/images/products/003/080/000/9736/front_fr.9.400.jpg
0030891051171,http://world-en.openfoodfacts.org/product/0030891051171/bonbons-de-tamarin-227g-goldenchef,Bonbons de tamarin 227g&quot;GOLDENCHEF&quot;,227 g,,"en:snacks,en:sweet-snacks,en:confectioneries,en:candies",,,,en:switzerland,,,,,https://images.openfoodfacts.org/images/products/003/089/105/1171/front_fr.3.400.jpg
0030891051188,http://world-en.openfoodfacts.org/product/0030891051188/radis-secher-sucre-golden-chef,Radis sécher sucré,227g,,,,,,"en:germany,en:switzerland",,,,,https://images.openfoodfacts.org/images/products/003/089/105/1188/front_fr.3.400.jpg
0030891053755,http://world-en.openfoodfacts.org/product/0030891053755/radis-secher-sale,Radis sécher salé,,,,,,,en:switzerland,,,,,https://images.openfoodfacts.org/images/products/003/089/105/3755/front_fr.3.400.jpg
0031146254903,http://world-en.openfoodfacts.org/product/0031146254903/nongshim,Nongshim,114 g,,"en:meals,en:soups",,,,"en:france,en:switzerland,en:united-states","en:fortified-wheat-flour,en:cereal,en:flour,en:wheat,en:cereal-flour,en:wheat-flour,en:potato-starch,en:starch,en:palm-oil,en:oil-and-fat,en:vegetable-oil-and-fat,en:palm-oil-and-fat,en:modified-potato-starch,en:modified-starch,en:salt,en:contains-less-than-2-of-each-of-the-following,en:beef-fat,en:fat,en:animal-fat,en:beef-broth,en:animal,en:beef,en:broth,en:black-pepper,en:seed,en:pepper,en:e330,en:corn-starch,en:corn-syrup,en:added-sugar,en:disaccharide,en:vegetable,en:dextrose,en:monosaccharide,en:glucose,en:e627,en:e631,en:disodium-succinate,en:garlic,en:root-vegetable,en:ginger,en:condiment,en:spice,en:hydrolysed-soy-protein,en:protein,en:vegetable-protein,en:hydrolysed-vegetable-protein,en:soy-protein,en:maltodextrins,en:modified-tapioca-starch,en:tapioca,en:mushroom,en:natural-flavouring,en:flavouring,en:onion,en:paprika,en:e501i,en:e501,en:radish-sugar,en:e306,en:yeast-extract,en:yeast,en:yellow-corn-flour,en:corn,en:corn-flour,en:e375,en:reduced-iron,en:minerals,en:iron,en:thiamin-mononitrate,en:thiamin,en:e101,en:folic-acid,en:folate,en:beef-extract,en:spring-onion,en:carrot,en:red-chili-pepper,en:chili-pepper,en:colour,en:antioxidant",,,"en:e306,en:e330,en:e363,en:e501,en:e501i,en:e627,en:e631",https://images.openfoodfacts.org/images/products/003/114/625/4903/front_en.17.400.jpg
0031290720590,http://world-en.openfoodfacts.org/product/0031290720590/dark-chocolate-85-godiva,Dark chocolate 85 %,100 g,,"en:snacks,en:sweet-snacks,en:cocoa-and-its-products,en:chocolates,en:dark-chocolates",,,en:made-in-belgium,en:switzerland,,,,,https://images.openfoodfacts.org/images/products/003/129/072/0590/front_fr.9.400.jpg
0031604017187,http://world-en.openfoodfacts.org/product/0031604017187/magnesium,Magnesium,,,,,,"en:gluten-free,en:no-artificial-flavors,en:no-preservatives",en:switzerland,"en:no-ture-made-250-mg-magnesium-essential-nutrient,en:muscle,en:heart-and-bone-healtht-200-tablets-dietary-supplement,en:supports-nerve",,,,https://images.openfoodfacts.org/images/products/003/160/401/7187/front_en.14.400.jpg
0031977514306,http://world-en.openfoodfacts.org/product/0031977514306/naruto-maki,Naruto Maki,,,,,,,en:switzerland,,,,,https://images.openfoodfacts.org/images/products/003/197/751/4306/front_fr.3.400.jpg
0032134215029,http://world-en.openfoodfacts.org/product/0032134215029/extreme-sour-hard-candy,Extreme sour hard candy,2 oz,,"en:snacks,en:sweet-snacks,en:confectioneries",,,,"en:switzerland,en:united-states","en:corn-syrup,en:sugar,en:microencapsulated-malic-acid,en:e330,en:e414,en:soya-oil,en:oil-and-fat,en:vegetable-oil-and-fat,en:vegetable-oil,en:e300,en:artificial-flavouring,en:flavouring,en:e903,en:corn-starch,en:starch,en:e133,en:e129,en:e102,en:e296,en:hydrogenated-palm-oil,en:oil,en:hydrogenated-oil,en:palm-oil-and-fat,en:hydrogenated-vegetable-oil,en:palm-oil,en:processing-aid",,,"en:e102,en:e129,en:e133,en:e296,en:e330,en:e414,en:e903",
0032200000009,http://world-en.openfoodfacts.org/product/0032200000009/crabe-en-morceaux,Crabe en morceaux,145 g,en:canned,,,,,"en:france,en:switzerland",,,,,https://images.openfoodfacts.org/images/products/003/220/000/0009/front_de.3.400.jpg
0032200006124,http://world-en.openfoodfacts.org/product/0032200006124/gelee-de-coing-bonne-maman,Gelée de coing Bonne Maman,,,"en:plant-based-foods-and-beverages,en:plant-based-foods,en:spreads,en:breakfasts,en:plant-based-spreads,en:sweet-spreads,en:fruit-and-vegetable-preserves,en:fruit-jellies,en:quince-jellies",,,,"en:france,en:switzerland",,,,,
0032200007077,http://world-en.openfoodfacts.org/product/0032200007077/zitronengras,Zitronengras,,,,,,,"en:france,en:switzerland",,,,,https://images.openfoodfacts.org/images/products/003/220/000/7077/front_de.3.400.jpg
0032458950354,http://world-en.openfoodfacts.org/product/0032458950354/smoked-chipotle-bbq-sauce,Smoked chipotle BBQ Sauce,,,"en:groceries,en:sauces,en:barbecue-sauces",,,,en:switzerland,,,,,https://images.openfoodfacts.org/images/products/003/245/895/0354/front_fr.3.400.jpg
0033383240268,http://world-en.openfoodfacts.org/product/0033383240268/blackberries,Blackberries,,,,,,,en:switzerland,,,,,https://images.openfoodfacts.org/images/products/003/338/324/0268/front_fr.6.400.jpg
0033383600017,http://world-en.openfoodfacts.org/product/0033383600017,,32 oz,en:composite-bag,,,,,"en:switzerland,en:united-states",,,,,https://images.openfoodfacts.org/images/products/003/338/360/0017/front_en.3.400.jpg
0033674156926,http://world-en.openfoodfacts.org/product/0033674156926/alive-once-daily-women-s-50-vitamine,"Alive Once Daily Women's 50+, Vitamine",,,,,,,en:switzerland,,,,,https://images.openfoodfacts.org/images/products/003/367/415/6926/front_en.5.400.jpg
0033984010642,http://world-en.openfoodfacts.org/product/0033984010642/element-zinc-solgar,ELEMENT ZINC,,,,,,,en:switzerland,,,,,https://images.openfoodfacts.org/images/products/003/398/401/0642/front_fr.6.400.jpg
0033984013179,http://world-en.openfoodfacts.org/product/0033984013179/glucosamine-hyaluronic-acid-chondroitin-msm-solgar,Glucosamine Hyaluronic Acid Chondroitin MSM,120,,en:dietary-supplements,,,,en:switzerland,"en:supplement-facts-pp-serving-size,en:dv-amount-per-serving-10-calories-2-g-1-69-total-carbohydrate-120-mg-5-socliumt-1500-mg,en:glucosamine-hydrochloride,en:1200-mg,en:chondroitin-sulfate-1500-mg,en:msm,en:biocell-collagen-ii-providing,en:vegetable-cellulose,en:microcrystolline-cellulose,en:vegetable-stearic-acid,en:e551,en:vegetable-mogresi-stearate,en:vegetable-glycerin,en:3-tablets-servings-per-container,en:shellfish-free,en:methylsulfonylmethane,en:hydrolyzed-collagen-type-ii-180-mg-chondroitin-sulfate-hyaluronic-acid-300-mg-48-mg-30-mg-percent-daily-values,en:are-based-on-a-2-000-calorie-diet-daily-value,en:not-established-other-ingredients,en:dv",,,"en:e422,en:e460,en:e570",https://images.openfoodfacts.org/images/products/003/398/401/3179/front_en.4.400.jpg
0033984013209,http://world-en.openfoodfacts.org/product/0033984013209/amino-glutamin-aliment-d-appoint-avec-solgar,Amino glutamin aliment d'appoint avec,,,,,,,en:switzerland,,,,,https://images.openfoodfacts.org/images/products/003/398/401/3209/front_fr.3.400.jpg
0033984017603,http://world-en.openfoodfacts.org/product/0033984017603/fish-omega-3-solgar,Fish Omega-3,,,,,,,en:switzerland,"en:each-softgel-provides,en:ecosapentaenoic-acid,en:60-mg-docosahexaenoic-acid,en:100-mg-softgel-capsule-shell,en:vegetable-glycerin,en:antioxidant,en:fish-oil,en:oil-and-fat,en:oil,en:1000-mg-providing,en:epa,en:dha,en:e428,en:palm-kernel-oil,en:vegetable-oil-and-fat,en:palm-kernel-oil-and-fat,en:coconut-oil,en:vegetable-oil,en:natural-mixed-locopherols,en:1-0mega-3-polyunsaturated-fatty-acids-os-notural-triglycerides,en:from-bovine,en:vitamin-e",,,"en:e422,en:e428",
0033984032750,http://world-en.openfoodfacts.org/product/0033984032750/solgar,,,,,,,,en:switzerland,,,,,https://images.openfoodfacts.org/images/products/003/398/403/2750/front_en.3.400.jpg
0033984665378,http://world-en.openfoodfacts.org/product/0033984665378/spoonfuls-vegan-protein-nutritional-shake-chocolate-coconut-flavor-solgar,Spoonfuls Vegan protein nutritional shake chocolate coconut flavor,,,"en:dietary-supplements,en:bodybuilding-supplements,en:protein-shakes",,,"en:vegetarian,en:gluten-free,en:vegan",en:switzerland,,,,,
0034000214907,http://world-en.openfoodfacts.org/product/0034000214907/hershey-s-miniature-chocolate-candy,Hershey's miniature chocolate candy,,,,,,,en:switzerland,,,,,https://images.openfoodfacts.org/images/products/003/400/021/4907/front_en.8.400.jpg
0034000404230,http://world-en.openfoodfacts.org/product/0034000404230/blossom-top,Blossom-top,,,,,,,en:switzerland,,,,,https://images.openfoodfacts.org/images/products/003/400/040/4230/front_fr.3.400.jpg
0034000440887,http://world-en.openfoodfacts.org/product/0034000440887/peanut-butter-cups-3-pack-the-hershey-company,Peanut Butter Cups 3 Pack,51 g,"en:plastic,en:pack","en:snacks,en:sweet-snacks,en:cocoa-and-its-products,en:confectioneries,en:chocolate-candies",United States,united-states-if-america,"en:contains-gmos,en:pure-cocoa-butter","en:france,en:switzerland","fr:enrobage-saveur-chocolat-au-lait,fr:creme-de-beurre-de-cacahuetes,en:peanut,en:nut,en:sugar,en:added-sugar,en:disaccharide,en:dextrose,en:monosaccharide,en:glucose,en:cream,en:dairy,en:salt,en:antioxidant,en:e310,en:acidity-regulator,en:e330,fr:contient-des-ogm,en:cocoa-butter,en:cocoa,en:cocoa-paste,en:skimmed-milk-powder,en:milk-powder,en:lactose,en:emulsifier,en:soya-lecithin,en:e322,en:e322i,en:e476,en:e1503,fr:organismes-genetiquement-modifies","en:milk,en:peanuts,en:soybeans",,"en:e310,en:e322,en:e322i,en:e330,en:e476",https://images.openfoodfacts.org/images/products/003/400/044/0887/front_fr.51.400.jpg
0034000460632,http://world-en.openfoodfacts.org/product/0034000460632/peanut-butter-cups-thins-reese-s,Peanut butter cups thins,,,,,,,en:switzerland,en:lactose,en:milk,,,https://images.openfoodfacts.org/images/products/003/400/046/0632/front_en.11.400.jpg
0034000490356,http://world-en.openfoodfacts.org/product/0034000490356/reese-s,Reese's,,,,,,,en:switzerland,,,,,https://images.openfoodfacts.org/images/products/003/400/049/0356/front_fr.3.400.jpg
0034000702329,http://world-en.openfoodfacts.org/product/0034000702329/2-peanut-butter-cups-reese-s,2 peanut butter cups,42 g,,"en:snacks,en:sweet-snacks,en:confectioneries",,,,en:switzerland,en:dd-fa,,,,https://images.openfoodfacts.org/images/products/003/400/070/2329/front_en.36.400.jpg
0034000784738,http://world-en.openfoodfacts.org/product/0034000784738/ressens-spread-reese-s,ressens spread,368g,en:pot,"en:spreads,en:breakfasts,en:sweet-spreads,fr:pates-a-tartiner",,,en:gluten-free,en:switzerland,"en:sugar,en:peanut,en:nut,en:vegetable-oil,en:oil-and-fat,en:vegetable-oil-and-fat,fr:dtrose,fr:lalt-ecreme-en-poudre,fr:contient-2-et-moins-de,fr:sola,en:natural-vanilla-flavouring,en:flavouring,en:natural-flavouring,en:vanilla-flavouring,en:preservative,en:acid,fr:de-tournesol-et-de-paime,fr:cacao-traite-avec-de-l-alcali,en:e319,en:e330,fr:iers",,en:nuts,"en:e319,en:e330",https://images.openfoodfacts.org/images/products/003/400/078/4738/front_fr.4.400.jpg
0034027111494,http://world-en.openfoodfacts.org/product/0034027111494/tomato-ketchup-for-grownups,Tomato ketchup for grownups,,,"en:groceries,en:sauces,en:tomato-sauces,en:ketchup",,,,en:switzerland,,,,,https://images.openfoodfacts.org/images/products/003/402/711/1494/front_fr.4.400.jpg
0036244534728,http://world-en.openfoodfacts.org/product/0036244534728/johann-strauss,Johann Strauss,,,,,,,en:switzerland,,,,,https://images.openfoodfacts.org/images/products/003/624/453/4728/front_fr.3.400.jpg
0037084303703,http://world-en.openfoodfacts.org/product/0037084303703/ok-lite,Ok lite,,,,,,,en:switzerland,,,,,https://images.openfoodfacts.org/images/products/003/708/430/3703/front_fr.3.400.jpg
0037200000011,http://world-en.openfoodfacts.org/product/0037200000011/langkorn-reis-10-minuten-uncle-ben-s,Langkorn-Reis 10 Minuten,1kg,en:bag,"en:plant-based-foods-and-beverages,en:plant-based-foods,en:cereals-and-potatoes,en:seeds,en:cereals-and-their-products,en:cereal-grains,en:rices,en:long-grain-rices",,,,en:switzerland,,,,,https://images.openfoodfacts.org/images/products/003/720/000/0011/front_fr.7.400.jpg
0037600106412,http://world-en.openfoodfacts.org/product/0037600106412/beurre-de-cacahuetes-extra-crunchy-skippy,Beurre de Cacahuètes Extra-Crunchy,340 g ℮,"en:jar,fr:point-vert","en:plant-based-foods-and-beverages,en:plant-based-foods,en:legumes-and-their-products,en:spreads,en:breakfasts,en:nuts-and-their-products,en:plant-based-spreads,en:sweet-spreads,en:oilseed-purees,en:legume-butters,fr:pates-a-tartiner,en:nut-butters,en:peanut-butters",,,,"en:austria,en:france,en:french-polynesia,en:netherlands,en:switzerland","en:peanut,en:nut,fr:grillees-ar,en:sugar,en:added-sugar,en:disaccharide,en:colza-oil,en:oil-and-fat,en:vegetable-oil-and-fat,en:rapeseed-oil,en:cottonseed-oil,en:vegetable-oil,en:salt",en:peanuts,,,https://images.openfoodfacts.org/images/products/003/760/010/6412/front_fr.100.400.jpg
0037600110723,http://world-en.openfoodfacts.org/product/0037600110723/skippy-super-chunk-peanut-butter-super-chunk,"Skippy, super chunk peanut butter, super chunk",,,"en:plant-based-foods-and-beverages,en:plant-based-foods,en:legumes-and-their-products,en:fats,en:spreads,en:nuts-and-their-products,en:vegetable-fats,en:plant-based-spreads,en:oilseed-purees,en:legume-butters,en:nut-butters,en:peanut-butters",,,"en:no-gluten,en:verified","en:france,en:switzerland,en:united-states","en:roasted-peanuts,en:nut,en:peanut,en:sugar,en:added-sugar,en:disaccharide,en:hydrogenated-vegetable-oil,en:oil-and-fat,en:vegetable-oil-and-fat,en:oil,en:vegetable-oil,en:hydrogenated-oil,en:to-prevent-separation,en:salt,en:cottonseed,en:seed,en:soya-bean,en:legume,en:soya,en:rapeseed-oil",en:soybeans,,,https://images.openfoodfacts.org/images/products/003/760/011/0723/front_en.16.400.jpg
0037600785020,http://world-en.openfoodfacts.org/product/0037600785020/spam-hormel,Spam,340 g,,,,,,en:switzerland,,,,,https://images.openfoodfacts.org/images/products/003/760/078/5020/front_fr.3.400.jpg
0038000847615,http://world-en.openfoodfacts.org/product/0038000847615/chile-y-lemon-pringles,Chile y lemon,,,,,,,en:switzerland,,,,,https://images.openfoodfacts.org/images/products/003/800/084/7615/front_fr.3.400.jpg
0038100212290,http://world-en.openfoodfacts.org/product/0038100212290/corn-flakes-kellogg-s,Corn Flakes,23 g,en:box,"en:plant-based-foods-and-beverages,en:plant-based-foods,en:cereals-and-potatoes,en:breakfasts,en:cereals-and-their-products,en:breakfast-cereals,en:flakes,en:cereal-flakes,en:extruded-cereals,en:extruded-flakes,en:corn-flakes",,,,"en:france,en:switzerland,en:united-states","en:milled-corn,en:sugar,en:added-sugar,en:disaccharide,en:malt-flavouring,en:flavouring,en:contains-2-and-less-of-salt,en:bht-added-to-packaging-for-freshness,en:vitamins,en:minerals,en:vitamin-c,en:e375,en:vitamin-b6,en:e101,en:thiamin,en:thiamin-hydrochloride,en:retinyl-palmitate,en:vitamin-a,en:folic-acid,en:folate,en:vitamin-d,en:vitamin-b12,en:iron,en:e301,en:e300,en:pyridoxine-hydrochloride",,,,https://images.openfoodfacts.org/images/products/003/810/021/2290/front_en.19.400.jpg
0038900012267,http://world-en.openfoodfacts.org/product/0038900012267/ananas-en-tranches-au-jus-dole,Ananas en tranches au jus,227 g,"en:metal,en:can,en:canned,en:puszka","en:plant-based-foods-and-beverages,en:plant-based-foods,en:canned-foods,en:desserts,en:fruits-and-vegetables-based-foods,en:canned-plant-based-foods,en:fruits-based-foods,en:canned-fruits,en:fruits-in-syrup,en:pineapple-in-syrup,en:canned-pineapples",,philippines,"en:no-bisphenol-a,en:rainforest-alliance,en:rich-in-vitamin-c","en:france,en:germany,en:poland,en:switzerland","en:pineapple,en:fruit,en:jus-d-ananas",,,,https://images.openfoodfacts.org/images/products/003/890/001/2267/front_en.26.400.jpg
0039000045049,http://world-en.openfoodfacts.org/product/0039000045049/pumpkin-libby-s,Pumpkin,425g,"en:box,en:aluminium-can,en:item,en:produit","en:plant-based-foods-and-beverages,en:plant-based-foods,en:canned-foods,en:fruits-and-vegetables-based-foods,en:canned-plant-based-foods,en:vegetables-based-foods,en:canned-vegetables,en:pumpkin-and-squash-plant-products,en:pumpkins-and-their-products,en:pumpkins,en:pumpkin-pulp",United States,united-states,"en:no-gmos,en:no-preservatives,en:all-natural","en:france,en:germany,en:switzerland,en:united-states,en:en","en:pumpkin,en:vegetable",,,,https://images.openfoodfacts.org/images/products/003/900/004/5049/front_en.21.400.jpg
0039045379321,http://world-en.openfoodfacts.org/product/0039045379321/chipotle-burger-style-sauce,Chipotle burger style sauce,,,,,,,en:switzerland,,,,,https://images.openfoodfacts.org/images/products/003/904/537/9321/front_fr.3.400.jpg
0039047001107,http://world-en.openfoodfacts.org/product/0039047001107/pure-butter-shortbread-walkers,Pure Butter Shortbread,250 g e,"en:plastic,en:cardboard,en:card-box,en:mixed-plastic-bag","en:snacks,en:sweet-snacks,en:biscuits-and-cakes,en:biscuits,en:shortbread-cookies,en:shortbread",,"scotland,united-kingdom","en:kosher,en:green-dot,en:orthodox-union-kosher,en:pure-butter","en:france,en:switzerland,en:united-kingdom","en:wheat-flour,en:cereal,en:flour,en:wheat,en:cereal-flour,en:butter,en:dairy,en:sugar,en:added-sugar,en:disaccharide,en:salt,en:e170i,en:e170,en:e505,en:e375,en:thiamin,en:milk","en:gluten,en:milk",,,https://images.openfoodfacts.org/images/products/003/904/700/1107/front_en.16.400.jpg
0039047001152,http://world-en.openfoodfacts.org/product/0039047001152/pure-butter-walkers,Pure butter,150g,"en:plastic,en:cardboard,en:paperboard","en:snacks,en:sweet-snacks,en:biscuits-and-cakes,en:biscuits,en:shortbread-biscuit-with-butter",,schottland,en:green-dot,"en:france,en:germany,en:italy,en:switzerland,en:united-states","en:wheat-flour,en:cereal,en:flour,en:wheat,en:cereal-flour,en:butter,en:dairy,en:sugar,en:added-sugar,en:disaccharide,en:salt","en:gluten,en:milk",en:nuts,,https://images.openfoodfacts.org/images/products/003/904/700/1152/front_en.31.400.jpg
0039047001312,http://world-en.openfoodfacts.org/product/0039047001312/shortbread-triangles-150g-walkers,Shortbread triangles 150g,150 g,"en:cardboard,en:film","en:snacks,en:sweet-snacks,en:biscuits-and-cakes,en:biscuits,en:shortbread-cookies,en:shortbread",,ecosse,,"en:france,en:switzerland,en:united-states","en:wheat-flour,en:cereal,en:flour,en:wheat,en:cereal-flour,en:butter,en:dairy,en:sugar,en:added-sugar,en:disaccharide,fr:sel-presence-eventuelle-de-fruits-a-coque,en:e500i,en:e500,en:e505,en:e375,en:thiamin,en:milk","en:gluten,en:milk,en:nuts","en:nuts,en:peanuts","en:e500,en:e500i,en:e505",https://images.openfoodfacts.org/images/products/003/904/700/1312/front_fr.31.400.jpg
0039047001404,http://world-en.openfoodfacts.org/product/0039047001404/shortbread-rounds-150g-walkers,Shortbread rounds 150g,150 g,en:film,"en:snacks,en:sweet-snacks,en:biscuits-and-cakes,en:biscuits,en:shortbread-cookies,en:shortbread",,,,"en:france,en:switzerland,en:united-states","en:wheat-flour,en:cereal,en:flour,en:wheat,en:cereal-flour,en:butter,en:dairy,en:sugar,en:added-sugar,en:disaccharide,fr:sel-presence-eventuelle-de-fruits-a-coque,en:e500i,en:e500,en:e505,en:e375,en:thiamin,en:milk","en:gluten,en:milk,en:nuts",en:peanuts,"en:e500,en:e500i,en:e505",https://images.openfoodfacts.org/images/products/003/904/700/1404/front_fr.25.400.jpg
0039047001442,http://world-en.openfoodfacts.org/product/0039047001442/shortbread-highlanders-200g-walkers,Shortbread highlanders 200g,200 g,"en:plastic,en:box,en:cardboard,en:film","en:snacks,en:sweet-snacks,en:biscuits-and-cakes,en:biscuits,en:shortbread-cookies,en:shortbread",,"ecosse,royaume-uni","en:kosher,en:orthodox-union-kosher,en:kascher,en:point-vert,en:pur-beurre","en:france,en:switzerland,en:united-kingdom","en:wheat-flour,en:cereal,en:flour,en:wheat,en:cereal-flour,en:butter,en:dairy,en:sugar,en:added-sugar,en:disaccharide,en:brown-sugar,fr:sel-presence-eventuelle-de-fruits-a-coques,en:e170i,en:e170,en:e505,en:e375,en:thiamin,en:milk","en:gluten,en:milk,en:nuts","en:nuts,en:peanuts",,https://images.openfoodfacts.org/images/products/003/904/700/1442/front_en.87.400.jpg
0039047001824,http://world-en.openfoodfacts.org/product/0039047001824/walkers-pure-better-shortbread,Walkers Pure better shortbread,175g,en:cardboard,"en:snacks,en:sweet-snacks,en:biscuits-and-cakes,en:biscuits,en:shortbread-cookies",,scotland,,"en:france,en:germany,en:switzerland","en:wheat-flour,en:cereal,en:flour,en:wheat,en:cereal-flour,en:butter,en:dairy,en:sugar,en:added-sugar,en:disaccharide,en:chocolate-pieces,en:chocolate,en:salt,en:e170i,en:e170,en:e505,en:e375,en:thiamin,en:milk,en:cocoa-paste,en:cocoa,en:cocoa-butter,en:emulsifier,en:flavouring,en:soya-lecithin,en:e322,en:e322i,en:natural-vanilla-flavouring,en:natural-flavouring,en:vanilla-flavouring","en:gluten,en:milk,en:soybeans",en:nuts,"en:e322,en:e322i",https://images.openfoodfacts.org/images/products/003/904/700/1824/front_fr.11.400.jpg
